Command line invocation:
    /Applications/Xcode.app/Contents/Developer/usr/bin/xcodebuild -project GTNW.xcodeproj -scheme GTNW_macOS -configuration Release clean build

2025-12-12 11:28:21.971 xcodebuild[96262:72371631] [MT] IDERunDestination: Supported platforms for the buildables in the current scheme is empty.
--- xcodebuild: WARNING: Using the first of multiple matching destinations:
{ platform:macOS, arch:arm64, id:00006032-001011922192801C, name:My Mac }
{ platform:macOS, arch:x86_64, id:00006032-001011922192801C, name:My Mac }
{ platform:macOS, name:Any Mac }
CreateBuildRequest

SendProjectDescription

CreateBuildOperation

** CLEAN SUCCEEDED **

--- xcodebuild: WARNING: Using the first of multiple matching destinations:
{ platform:macOS, arch:arm64, id:00006032-001011922192801C, name:My Mac }
{ platform:macOS, arch:x86_64, id:00006032-001011922192801C, name:My Mac }
{ platform:macOS, name:Any Mac }
ComputePackagePrebuildTargetDependencyGraph

Prepare packages

CreateBuildRequest

SendProjectDescription

CreateBuildOperation

ComputeTargetDependencyGraph
note: Building targets in dependency order
note: Target dependency graph (1 target)
    Target 'GTNW_macOS' in project 'GTNW' (no dependencies)

GatherProvisioningInputs

CreateBuildDescription

ExecuteExternalTool /Applications/Xcode.app/Contents/Developer/Toolchains/XcodeDefault.xctoolchain/usr/bin/clang -v -E -dM -isysroot /Applications/Xcode.app/Contents/Developer/Platforms/MacOSX.platform/Developer/SDKs/MacOSX26.1.sdk -x c -c /dev/null

ExecuteExternalTool /Applications/Xcode.app/Contents/Developer/usr/bin/actool --version --output-format xml1

ExecuteExternalTool /Applications/Xcode.app/Contents/Developer/Toolchains/XcodeDefault.xctoolchain/usr/bin/swiftc --version

ExecuteExternalTool /Applications/Xcode.app/Contents/Developer/Toolchains/XcodeDefault.xctoolchain/usr/bin/ld -version_details

Build description signature: 8bc4e3665cb8277fc1b9f7d7b14ae4e8
Build description path: /Users/kochj/Library/Developer/Xcode/DerivedData/GTNW-fnzdpatdnkirwxcegukxsidntqws/Build/Intermediates.noindex/XCBuildData/8bc4e3665cb8277fc1b9f7d7b14ae4e8.xcbuilddata
ClangStatCache /Applications/Xcode.app/Contents/Developer/Toolchains/XcodeDefault.xctoolchain/usr/bin/clang-stat-cache /Applications/Xcode.app/Contents/Developer/Platforms/MacOSX.platform/Developer/SDKs/MacOSX26.1.sdk /Users/kochj/Library/Developer/Xcode/DerivedData/SDKStatCaches.noindex/macosx26.1-25B74-3ae1261907bdadc328169391a47051a6.sdkstatcache
    cd /Volumes/Data/xcode/GTNW/GTNW.xcodeproj
    /Applications/Xcode.app/Contents/Developer/Toolchains/XcodeDefault.xctoolchain/usr/bin/clang-stat-cache /Applications/Xcode.app/Contents/Developer/Platforms/MacOSX.platform/Developer/SDKs/MacOSX26.1.sdk -o /Users/kochj/Library/Developer/Xcode/DerivedData/SDKStatCaches.noindex/macosx26.1-25B74-3ae1261907bdadc328169391a47051a6.sdkstatcache

CreateBuildDirectory /Users/kochj/Library/Developer/Xcode/DerivedData/GTNW-fnzdpatdnkirwxcegukxsidntqws/Build/Products
    cd /Volumes/Data/xcode/GTNW/GTNW.xcodeproj
    builtin-create-build-directory /Users/kochj/Library/Developer/Xcode/DerivedData/GTNW-fnzdpatdnkirwxcegukxsidntqws/Build/Products

CreateBuildDirectory /Users/kochj/Library/Developer/Xcode/DerivedData/GTNW-fnzdpatdnkirwxcegukxsidntqws/Build/Intermediates.noindex
    cd /Volumes/Data/xcode/GTNW/GTNW.xcodeproj
    builtin-create-build-directory /Users/kochj/Library/Developer/Xcode/DerivedData/GTNW-fnzdpatdnkirwxcegukxsidntqws/Build/Intermediates.noindex

CreateBuildDirectory /Users/kochj/Library/Developer/Xcode/DerivedData/GTNW-fnzdpatdnkirwxcegukxsidntqws/Build/Intermediates.noindex/ExplicitPrecompiledModules
    cd /Volumes/Data/xcode/GTNW/GTNW.xcodeproj
    builtin-create-build-directory /Users/kochj/Library/Developer/Xcode/DerivedData/GTNW-fnzdpatdnkirwxcegukxsidntqws/Build/Intermediates.noindex/ExplicitPrecompiledModules

CreateBuildDirectory /Users/kochj/Library/Developer/Xcode/DerivedData/GTNW-fnzdpatdnkirwxcegukxsidntqws/Build/Products/Release
    cd /Volumes/Data/xcode/GTNW/GTNW.xcodeproj
    builtin-create-build-directory /Users/kochj/Library/Developer/Xcode/DerivedData/GTNW-fnzdpatdnkirwxcegukxsidntqws/Build/Products/Release

CreateBuildDirectory /Users/kochj/Library/Developer/Xcode/DerivedData/GTNW-fnzdpatdnkirwxcegukxsidntqws/Build/Intermediates.noindex/SwiftExplicitPrecompiledModules
    cd /Volumes/Data/xcode/GTNW/GTNW.xcodeproj
    builtin-create-build-directory /Users/kochj/Library/Developer/Xcode/DerivedData/GTNW-fnzdpatdnkirwxcegukxsidntqws/Build/Intermediates.noindex/SwiftExplicitPrecompiledModules

CreateBuildDirectory /Users/kochj/Library/Developer/Xcode/DerivedData/GTNW-fnzdpatdnkirwxcegukxsidntqws/Build/Intermediates.noindex/EagerLinkingTBDs/Release
    cd /Volumes/Data/xcode/GTNW/GTNW.xcodeproj
    builtin-create-build-directory /Users/kochj/Library/Developer/Xcode/DerivedData/GTNW-fnzdpatdnkirwxcegukxsidntqws/Build/Intermediates.noindex/EagerLinkingTBDs/Release

WriteAuxiliaryFile /Users/kochj/Library/Developer/Xcode/DerivedData/GTNW-fnzdpatdnkirwxcegukxsidntqws/Build/Intermediates.noindex/GTNW.build/Release/GTNW-c24a3de9f80dda81c1ca15be1537fc7e-VFS/all-product-headers.yaml
    cd /Volumes/Data/xcode/GTNW/GTNW.xcodeproj
    write-file /Users/kochj/Library/Developer/Xcode/DerivedData/GTNW-fnzdpatdnkirwxcegukxsidntqws/Build/Intermediates.noindex/GTNW.build/Release/GTNW-c24a3de9f80dda81c1ca15be1537fc7e-VFS/all-product-headers.yaml

WriteAuxiliaryFile /Users/kochj/Library/Developer/Xcode/DerivedData/GTNW-fnzdpatdnkirwxcegukxsidntqws/Build/Intermediates.noindex/GTNW.build/Release/GTNW_macOS.build/GTNW.DependencyStaticMetadataFileList (in target 'GTNW_macOS' from project 'GTNW')
    cd /Volumes/Data/xcode/GTNW
    write-file /Users/kochj/Library/Developer/Xcode/DerivedData/GTNW-fnzdpatdnkirwxcegukxsidntqws/Build/Intermediates.noindex/GTNW.build/Release/GTNW_macOS.build/GTNW.DependencyStaticMetadataFileList

WriteAuxiliaryFile /Users/kochj/Library/Developer/Xcode/DerivedData/GTNW-fnzdpatdnkirwxcegukxsidntqws/Build/Intermediates.noindex/GTNW.build/Release/GTNW_macOS.build/GTNW.hmap (in target 'GTNW_macOS' from project 'GTNW')
    cd /Volumes/Data/xcode/GTNW
    write-file /Users/kochj/Library/Developer/Xcode/DerivedData/GTNW-fnzdpatdnkirwxcegukxsidntqws/Build/Intermediates.noindex/GTNW.build/Release/GTNW_macOS.build/GTNW.hmap

WriteAuxiliaryFile /Users/kochj/Library/Developer/Xcode/DerivedData/GTNW-fnzdpatdnkirwxcegukxsidntqws/Build/Intermediates.noindex/GTNW.build/Release/GTNW_macOS.build/GTNW-project-headers.hmap (in target 'GTNW_macOS' from project 'GTNW')
    cd /Volumes/Data/xcode/GTNW
    write-file /Users/kochj/Library/Developer/Xcode/DerivedData/GTNW-fnzdpatdnkirwxcegukxsidntqws/Build/Intermediates.noindex/GTNW.build/Release/GTNW_macOS.build/GTNW-project-headers.hmap

WriteAuxiliaryFile /Users/kochj/Library/Developer/Xcode/DerivedData/GTNW-fnzdpatdnkirwxcegukxsidntqws/Build/Intermediates.noindex/GTNW.build/Release/GTNW_macOS.build/GTNW.DependencyMetadataFileList (in target 'GTNW_macOS' from project 'GTNW')
    cd /Volumes/Data/xcode/GTNW
    write-file /Users/kochj/Library/Developer/Xcode/DerivedData/GTNW-fnzdpatdnkirwxcegukxsidntqws/Build/Intermediates.noindex/GTNW.build/Release/GTNW_macOS.build/GTNW.DependencyMetadataFileList

WriteAuxiliaryFile /Users/kochj/Library/Developer/Xcode/DerivedData/GTNW-fnzdpatdnkirwxcegukxsidntqws/Build/Intermediates.noindex/GTNW.build/Release/GTNW_macOS.build/GTNW-own-target-headers.hmap (in target 'GTNW_macOS' from project 'GTNW')
    cd /Volumes/Data/xcode/GTNW
    write-file /Users/kochj/Library/Developer/Xcode/DerivedData/GTNW-fnzdpatdnkirwxcegukxsidntqws/Build/Intermediates.noindex/GTNW.build/Release/GTNW_macOS.build/GTNW-own-target-headers.hmap

WriteAuxiliaryFile /Users/kochj/Library/Developer/Xcode/DerivedData/GTNW-fnzdpatdnkirwxcegukxsidntqws/Build/Intermediates.noindex/GTNW.build/Release/GTNW_macOS.build/GTNW-all-non-framework-target-headers.hmap (in target 'GTNW_macOS' from project 'GTNW')
    cd /Volumes/Data/xcode/GTNW
    write-file /Users/kochj/Library/Developer/Xcode/DerivedData/GTNW-fnzdpatdnkirwxcegukxsidntqws/Build/Intermediates.noindex/GTNW.build/Release/GTNW_macOS.build/GTNW-all-non-framework-target-headers.hmap

WriteAuxiliaryFile /Users/kochj/Library/Developer/Xcode/DerivedData/GTNW-fnzdpatdnkirwxcegukxsidntqws/Build/Intermediates.noindex/GTNW.build/Release/GTNW_macOS.build/GTNW-generated-files.hmap (in target 'GTNW_macOS' from project 'GTNW')
    cd /Volumes/Data/xcode/GTNW
    write-file /Users/kochj/Library/Developer/Xcode/DerivedData/GTNW-fnzdpatdnkirwxcegukxsidntqws/Build/Intermediates.noindex/GTNW.build/Release/GTNW_macOS.build/GTNW-generated-files.hmap

WriteAuxiliaryFile /Users/kochj/Library/Developer/Xcode/DerivedData/GTNW-fnzdpatdnkirwxcegukxsidntqws/Build/Intermediates.noindex/GTNW.build/Release/GTNW_macOS.build/GTNW-all-target-headers.hmap (in target 'GTNW_macOS' from project 'GTNW')
    cd /Volumes/Data/xcode/GTNW
    write-file /Users/kochj/Library/Developer/Xcode/DerivedData/GTNW-fnzdpatdnkirwxcegukxsidntqws/Build/Intermediates.noindex/GTNW.build/Release/GTNW_macOS.build/GTNW-all-target-headers.hmap

MkDir /Users/kochj/Library/Developer/Xcode/DerivedData/GTNW-fnzdpatdnkirwxcegukxsidntqws/Build/Products/Release/GTNW.app (in target 'GTNW_macOS' from project 'GTNW')
    cd /Volumes/Data/xcode/GTNW
    /bin/mkdir -p /Users/kochj/Library/Developer/Xcode/DerivedData/GTNW-fnzdpatdnkirwxcegukxsidntqws/Build/Products/Release/GTNW.app

WriteAuxiliaryFile /Users/kochj/Library/Developer/Xcode/DerivedData/GTNW-fnzdpatdnkirwxcegukxsidntqws/Build/Intermediates.noindex/GTNW.build/Release/GTNW_macOS.build/DerivedSources/Entitlements.plist (in target 'GTNW_macOS' from project 'GTNW')
    cd /Volumes/Data/xcode/GTNW
    write-file /Users/kochj/Library/Developer/Xcode/DerivedData/GTNW-fnzdpatdnkirwxcegukxsidntqws/Build/Intermediates.noindex/GTNW.build/Release/GTNW_macOS.build/DerivedSources/Entitlements.plist

MkDir /Users/kochj/Library/Developer/Xcode/DerivedData/GTNW-fnzdpatdnkirwxcegukxsidntqws/Build/Products/Release/GTNW.app/Contents (in target 'GTNW_macOS' from project 'GTNW')
    cd /Volumes/Data/xcode/GTNW
    /bin/mkdir -p /Users/kochj/Library/Developer/Xcode/DerivedData/GTNW-fnzdpatdnkirwxcegukxsidntqws/Build/Products/Release/GTNW.app/Contents

MkDir /Users/kochj/Library/Developer/Xcode/DerivedData/GTNW-fnzdpatdnkirwxcegukxsidntqws/Build/Products/Release/GTNW.app/Contents/Resources (in target 'GTNW_macOS' from project 'GTNW')
    cd /Volumes/Data/xcode/GTNW
    /bin/mkdir -p /Users/kochj/Library/Developer/Xcode/DerivedData/GTNW-fnzdpatdnkirwxcegukxsidntqws/Build/Products/Release/GTNW.app/Contents/Resources

MkDir /Users/kochj/Library/Developer/Xcode/DerivedData/GTNW-fnzdpatdnkirwxcegukxsidntqws/Build/Products/Release/GTNW.app/Contents/MacOS (in target 'GTNW_macOS' from project 'GTNW')
    cd /Volumes/Data/xcode/GTNW
    /bin/mkdir -p /Users/kochj/Library/Developer/Xcode/DerivedData/GTNW-fnzdpatdnkirwxcegukxsidntqws/Build/Products/Release/GTNW.app/Contents/MacOS

WriteAuxiliaryFile /Users/kochj/Library/Developer/Xcode/DerivedData/GTNW-fnzdpatdnkirwxcegukxsidntqws/Build/Intermediates.noindex/GTNW.build/Release/GTNW_macOS.build/Objects-normal/arm64/GTNW.LinkFileList (in target 'GTNW_macOS' from project 'GTNW')
    cd /Volumes/Data/xcode/GTNW
    write-file /Users/kochj/Library/Developer/Xcode/DerivedData/GTNW-fnzdpatdnkirwxcegukxsidntqws/Build/Intermediates.noindex/GTNW.build/Release/GTNW_macOS.build/Objects-normal/arm64/GTNW.LinkFileList

WriteAuxiliaryFile /Users/kochj/Library/Developer/Xcode/DerivedData/GTNW-fnzdpatdnkirwxcegukxsidntqws/Build/Intermediates.noindex/GTNW.build/Release/GTNW_macOS.build/Objects-normal/arm64/GTNW.SwiftConstValuesFileList (in target 'GTNW_macOS' from project 'GTNW')
    cd /Volumes/Data/xcode/GTNW
    write-file /Users/kochj/Library/Developer/Xcode/DerivedData/GTNW-fnzdpatdnkirwxcegukxsidntqws/Build/Intermediates.noindex/GTNW.build/Release/GTNW_macOS.build/Objects-normal/arm64/GTNW.SwiftConstValuesFileList

WriteAuxiliaryFile /Users/kochj/Library/Developer/Xcode/DerivedData/GTNW-fnzdpatdnkirwxcegukxsidntqws/Build/Intermediates.noindex/GTNW.build/Release/GTNW_macOS.build/Objects-normal/arm64/GTNW.SwiftFileList (in target 'GTNW_macOS' from project 'GTNW')
    cd /Volumes/Data/xcode/GTNW
    write-file /Users/kochj/Library/Developer/Xcode/DerivedData/GTNW-fnzdpatdnkirwxcegukxsidntqws/Build/Intermediates.noindex/GTNW.build/Release/GTNW_macOS.build/Objects-normal/arm64/GTNW.SwiftFileList

WriteAuxiliaryFile /Users/kochj/Library/Developer/Xcode/DerivedData/GTNW-fnzdpatdnkirwxcegukxsidntqws/Build/Intermediates.noindex/GTNW.build/Release/GTNW_macOS.build/Objects-normal/arm64/GTNW_macOS_const_extract_protocols.json (in target 'GTNW_macOS' from project 'GTNW')
    cd /Volumes/Data/xcode/GTNW
    write-file /Users/kochj/Library/Developer/Xcode/DerivedData/GTNW-fnzdpatdnkirwxcegukxsidntqws/Build/Intermediates.noindex/GTNW.build/Release/GTNW_macOS.build/Objects-normal/arm64/GTNW_macOS_const_extract_protocols.json

WriteAuxiliaryFile /Users/kochj/Library/Developer/Xcode/DerivedData/GTNW-fnzdpatdnkirwxcegukxsidntqws/Build/Intermediates.noindex/GTNW.build/Release/GTNW_macOS.build/Objects-normal/arm64/GTNW_macOS-OutputFileMap.json (in target 'GTNW_macOS' from project 'GTNW')
    cd /Volumes/Data/xcode/GTNW
    write-file /Users/kochj/Library/Developer/Xcode/DerivedData/GTNW-fnzdpatdnkirwxcegukxsidntqws/Build/Intermediates.noindex/GTNW.build/Release/GTNW_macOS.build/Objects-normal/arm64/GTNW_macOS-OutputFileMap.json

ProcessProductPackaging "" /Users/kochj/Library/Developer/Xcode/DerivedData/GTNW-fnzdpatdnkirwxcegukxsidntqws/Build/Intermediates.noindex/GTNW.build/Release/GTNW_macOS.build/GTNW.app.xcent (in target 'GTNW_macOS' from project 'GTNW')
    cd /Volumes/Data/xcode/GTNW
    
    Entitlements:
    
    {
    "com.apple.security.get-task-allow" = 1;
}
    
    builtin-productPackagingUtility -entitlements -format xml -o /Users/kochj/Library/Developer/Xcode/DerivedData/GTNW-fnzdpatdnkirwxcegukxsidntqws/Build/Intermediates.noindex/GTNW.build/Release/GTNW_macOS.build/GTNW.app.xcent

ProcessProductPackagingDER /Users/kochj/Library/Developer/Xcode/DerivedData/GTNW-fnzdpatdnkirwxcegukxsidntqws/Build/Intermediates.noindex/GTNW.build/Release/GTNW_macOS.build/GTNW.app.xcent /Users/kochj/Library/Developer/Xcode/DerivedData/GTNW-fnzdpatdnkirwxcegukxsidntqws/Build/Intermediates.noindex/GTNW.build/Release/GTNW_macOS.build/GTNW.app.xcent.der (in target 'GTNW_macOS' from project 'GTNW')
    cd /Volumes/Data/xcode/GTNW
    /usr/bin/derq query -f xml -i /Users/kochj/Library/Developer/Xcode/DerivedData/GTNW-fnzdpatdnkirwxcegukxsidntqws/Build/Intermediates.noindex/GTNW.build/Release/GTNW_macOS.build/GTNW.app.xcent -o /Users/kochj/Library/Developer/Xcode/DerivedData/GTNW-fnzdpatdnkirwxcegukxsidntqws/Build/Intermediates.noindex/GTNW.build/Release/GTNW_macOS.build/GTNW.app.xcent.der --raw

GenerateAssetSymbols /Volumes/Data/xcode/GTNW/Shared/Assets.xcassets (in target 'GTNW_macOS' from project 'GTNW')
    cd /Volumes/Data/xcode/GTNW
    /Applications/Xcode.app/Contents/Developer/usr/bin/actool /Volumes/Data/xcode/GTNW/Shared/Assets.xcassets --compile /Users/kochj/Library/Developer/Xcode/DerivedData/GTNW-fnzdpatdnkirwxcegukxsidntqws/Build/Products/Release/GTNW.app/Contents/Resources --output-format human-readable-text --notices --warnings --export-dependency-info /Users/kochj/Library/Developer/Xcode/DerivedData/GTNW-fnzdpatdnkirwxcegukxsidntqws/Build/Intermediates.noindex/GTNW.build/Release/GTNW_macOS.build/assetcatalog_dependencies --output-partial-info-plist /Users/kochj/Library/Developer/Xcode/DerivedData/GTNW-fnzdpatdnkirwxcegukxsidntqws/Build/Intermediates.noindex/GTNW.build/Release/GTNW_macOS.build/assetcatalog_generated_info.plist --app-icon AppIcon --enable-on-demand-resources NO --development-region en --target-device mac --minimum-deployment-target 13.0 --platform macosx --bundle-identifier com.wopr.gtnw.macos --generate-swift-asset-symbol-extensions NO --generate-swift-asset-symbols /Users/kochj/Library/Developer/Xcode/DerivedData/GTNW-fnzdpatdnkirwxcegukxsidntqws/Build/Intermediates.noindex/GTNW.build/Release/GTNW_macOS.build/DerivedSources/GeneratedAssetSymbols.swift --generate-objc-asset-symbols /Users/kochj/Library/Developer/Xcode/DerivedData/GTNW-fnzdpatdnkirwxcegukxsidntqws/Build/Intermediates.noindex/GTNW.build/Release/GTNW_macOS.build/DerivedSources/GeneratedAssetSymbols.h --generate-asset-symbol-index /Users/kochj/Library/Developer/Xcode/DerivedData/GTNW-fnzdpatdnkirwxcegukxsidntqws/Build/Intermediates.noindex/GTNW.build/Release/GTNW_macOS.build/DerivedSources/GeneratedAssetSymbols-Index.plist
/* com.apple.actool.document.warnings */
/Volumes/Data/xcode/GTNW/Shared/Assets.xcassets:./AppIcon.appiconset/[][mac][1024x1024][][][1x][][][][][2d][icon_1024x1024@1x.png]: warning: The app icon set "AppIcon" has 4 unassigned children.
/Volumes/Data/xcode/GTNW/Shared/Assets.xcassets:./AppIcon.appiconset/[][mac][1024x1024][][][1x][][][][][2d][icon_1024x1024@1x.png]: warning: The app icon set "AppIcon" has 4 unassigned children.
/* com.apple.actool.compilation-results */
/Users/kochj/Library/Developer/Xcode/DerivedData/GTNW-fnzdpatdnkirwxcegukxsidntqws/Build/Intermediates.noindex/GTNW.build/Release/GTNW_macOS.build/DerivedSources/GeneratedAssetSymbols-Index.plist
/Users/kochj/Library/Developer/Xcode/DerivedData/GTNW-fnzdpatdnkirwxcegukxsidntqws/Build/Intermediates.noindex/GTNW.build/Release/GTNW_macOS.build/DerivedSources/GeneratedAssetSymbols.h
/Users/kochj/Library/Developer/Xcode/DerivedData/GTNW-fnzdpatdnkirwxcegukxsidntqws/Build/Intermediates.noindex/GTNW.build/Release/GTNW_macOS.build/DerivedSources/GeneratedAssetSymbols.swift


MkDir /Users/kochj/Library/Developer/Xcode/DerivedData/GTNW-fnzdpatdnkirwxcegukxsidntqws/Build/Intermediates.noindex/GTNW.build/Release/GTNW_macOS.build/assetcatalog_output/unthinned (in target 'GTNW_macOS' from project 'GTNW')
    cd /Volumes/Data/xcode/GTNW
    /bin/mkdir -p /Users/kochj/Library/Developer/Xcode/DerivedData/GTNW-fnzdpatdnkirwxcegukxsidntqws/Build/Intermediates.noindex/GTNW.build/Release/GTNW_macOS.build/assetcatalog_output/unthinned

MkDir /Users/kochj/Library/Developer/Xcode/DerivedData/GTNW-fnzdpatdnkirwxcegukxsidntqws/Build/Intermediates.noindex/GTNW.build/Release/GTNW_macOS.build/assetcatalog_output/thinned (in target 'GTNW_macOS' from project 'GTNW')
    cd /Volumes/Data/xcode/GTNW
    /bin/mkdir -p /Users/kochj/Library/Developer/Xcode/DerivedData/GTNW-fnzdpatdnkirwxcegukxsidntqws/Build/Intermediates.noindex/GTNW.build/Release/GTNW_macOS.build/assetcatalog_output/thinned

CompileAssetCatalogVariant thinned /Users/kochj/Library/Developer/Xcode/DerivedData/GTNW-fnzdpatdnkirwxcegukxsidntqws/Build/Products/Release/GTNW.app/Contents/Resources /Volumes/Data/xcode/GTNW/Shared/Assets.xcassets (in target 'GTNW_macOS' from project 'GTNW')
    cd /Volumes/Data/xcode/GTNW
    /Applications/Xcode.app/Contents/Developer/usr/bin/actool /Volumes/Data/xcode/GTNW/Shared/Assets.xcassets --compile /Users/kochj/Library/Developer/Xcode/DerivedData/GTNW-fnzdpatdnkirwxcegukxsidntqws/Build/Intermediates.noindex/GTNW.build/Release/GTNW_macOS.build/assetcatalog_output/thinned --output-format human-readable-text --notices --warnings --export-dependency-info /Users/kochj/Library/Developer/Xcode/DerivedData/GTNW-fnzdpatdnkirwxcegukxsidntqws/Build/Intermediates.noindex/GTNW.build/Release/GTNW_macOS.build/assetcatalog_dependencies_thinned --output-partial-info-plist /Users/kochj/Library/Developer/Xcode/DerivedData/GTNW-fnzdpatdnkirwxcegukxsidntqws/Build/Intermediates.noindex/GTNW.build/Release/GTNW_macOS.build/assetcatalog_generated_info.plist_thinned --app-icon AppIcon --enable-on-demand-resources NO --development-region en --target-device mac --minimum-deployment-target 13.0 --platform macosx
/* com.apple.actool.document.warnings */
/Volumes/Data/xcode/GTNW/Shared/Assets.xcassets:./AppIcon.appiconset/[][mac][1024x1024][][][1x][][][][][2d][icon_1024x1024@1x.png]: warning: The app icon set "AppIcon" has 4 unassigned children.
/Volumes/Data/xcode/GTNW/Shared/Assets.xcassets:./AppIcon.appiconset/[][mac][1024x1024][][][1x][][][][][2d][icon_1024x1024@1x.png]: warning: The app icon set "AppIcon" has 4 unassigned children.
/Volumes/Data/xcode/GTNW/Shared/Assets.xcassets:./AppIcon.appiconset/[][mac][1024x1024][][][1x][][][][][2d][icon_1024x1024@1x.png]: warning: The app icon set "AppIcon" has 4 unassigned children.
/* com.apple.actool.compilation-results */
/Users/kochj/Library/Developer/Xcode/DerivedData/GTNW-fnzdpatdnkirwxcegukxsidntqws/Build/Intermediates.noindex/GTNW.build/Release/GTNW_macOS.build/assetcatalog_generated_info.plist_thinned
/Users/kochj/Library/Developer/Xcode/DerivedData/GTNW-fnzdpatdnkirwxcegukxsidntqws/Build/Intermediates.noindex/GTNW.build/Release/GTNW_macOS.build/assetcatalog_output/thinned/AppIcon.icns
/Users/kochj/Library/Developer/Xcode/DerivedData/GTNW-fnzdpatdnkirwxcegukxsidntqws/Build/Intermediates.noindex/GTNW.build/Release/GTNW_macOS.build/assetcatalog_output/thinned/Assets.car


SwiftDriver GTNW_macOS normal arm64 com.apple.xcode.tools.swift.compiler (in target 'GTNW_macOS' from project 'GTNW')
    cd /Volumes/Data/xcode/GTNW
    builtin-SwiftDriver -- /Applications/Xcode.app/Contents/Developer/Toolchains/XcodeDefault.xctoolchain/usr/bin/swiftc -module-name GTNW -O -whole-module-optimization -enforce-exclusivity\=checked @/Users/kochj/Library/Developer/Xcode/DerivedData/GTNW-fnzdpatdnkirwxcegukxsidntqws/Build/Intermediates.noindex/GTNW.build/Release/GTNW_macOS.build/Objects-normal/arm64/GTNW.SwiftFileList -enable-bare-slash-regex -enable-experimental-feature DebugDescriptionMacro -sdk /Applications/Xcode.app/Contents/Developer/Platforms/MacOSX.platform/Developer/SDKs/MacOSX26.1.sdk -target arm64-apple-macos13.0 -g -module-cache-path /Users/kochj/Library/Developer/Xcode/DerivedData/ModuleCache.noindex -Xfrontend -serialize-debugging-options -swift-version 5 -I /Users/kochj/Library/Developer/Xcode/DerivedData/GTNW-fnzdpatdnkirwxcegukxsidntqws/Build/Products/Release -F /Users/kochj/Library/Developer/Xcode/DerivedData/GTNW-fnzdpatdnkirwxcegukxsidntqws/Build/Products/Release -c -num-threads 32 -Xcc -ivfsstatcache -Xcc /Users/kochj/Library/Developer/Xcode/DerivedData/SDKStatCaches.noindex/macosx26.1-25B74-3ae1261907bdadc328169391a47051a6.sdkstatcache -output-file-map /Users/kochj/Library/Developer/Xcode/DerivedData/GTNW-fnzdpatdnkirwxcegukxsidntqws/Build/Intermediates.noindex/GTNW.build/Release/GTNW_macOS.build/Objects-normal/arm64/GTNW_macOS-OutputFileMap.json -use-frontend-parseable-output -save-temps -no-color-diagnostics -explicit-module-build -module-cache-path /Users/kochj/Library/Developer/Xcode/DerivedData/GTNW-fnzdpatdnkirwxcegukxsidntqws/Build/Intermediates.noindex/SwiftExplicitPrecompiledModules -clang-scanner-module-cache-path /Users/kochj/Library/Developer/Xcode/DerivedData/ModuleCache.noindex -sdk-module-cache-path /Users/kochj/Library/Developer/Xcode/DerivedData/ModuleCache.noindex -serialize-diagnostics -emit-dependencies -emit-module -emit-module-path /Users/kochj/Library/Developer/Xcode/DerivedData/GTNW-fnzdpatdnkirwxcegukxsidntqws/Build/Intermediates.noindex/GTNW.build/Release/GTNW_macOS.build/Objects-normal/arm64/GTNW.swiftmodule -validate-clang-modules-once -clang-build-session-file /Users/kochj/Library/Developer/Xcode/DerivedData/ModuleCache.noindex/Session.modulevalidation -Xcc -I/Users/kochj/Library/Developer/Xcode/DerivedData/GTNW-fnzdpatdnkirwxcegukxsidntqws/Build/Intermediates.noindex/GTNW.build/Release/GTNW_macOS.build/swift-overrides.hmap -emit-const-values -Xfrontend -const-gather-protocols-file -Xfrontend /Users/kochj/Library/Developer/Xcode/DerivedData/GTNW-fnzdpatdnkirwxcegukxsidntqws/Build/Intermediates.noindex/GTNW.build/Release/GTNW_macOS.build/Objects-normal/arm64/GTNW_macOS_const_extract_protocols.json -Xcc -iquote -Xcc /Users/kochj/Library/Developer/Xcode/DerivedData/GTNW-fnzdpatdnkirwxcegukxsidntqws/Build/Intermediates.noindex/GTNW.build/Release/GTNW_macOS.build/GTNW-generated-files.hmap -Xcc -I/Users/kochj/Library/Developer/Xcode/DerivedData/GTNW-fnzdpatdnkirwxcegukxsidntqws/Build/Intermediates.noindex/GTNW.build/Release/GTNW_macOS.build/GTNW-own-target-headers.hmap -Xcc -I/Users/kochj/Library/Developer/Xcode/DerivedData/GTNW-fnzdpatdnkirwxcegukxsidntqws/Build/Intermediates.noindex/GTNW.build/Release/GTNW_macOS.build/GTNW-all-target-headers.hmap -Xcc -iquote -Xcc /Users/kochj/Library/Developer/Xcode/DerivedData/GTNW-fnzdpatdnkirwxcegukxsidntqws/Build/Intermediates.noindex/GTNW.build/Release/GTNW_macOS.build/GTNW-project-headers.hmap -Xcc -I/Users/kochj/Library/Developer/Xcode/DerivedData/GTNW-fnzdpatdnkirwxcegukxsidntqws/Build/Products/Release/include -Xcc -I/Users/kochj/Library/Developer/Xcode/DerivedData/GTNW-fnzdpatdnkirwxcegukxsidntqws/Build/Intermediates.noindex/GTNW.build/Release/GTNW_macOS.build/DerivedSources-normal/arm64 -Xcc -I/Users/kochj/Library/Developer/Xcode/DerivedData/GTNW-fnzdpatdnkirwxcegukxsidntqws/Build/Intermediates.noindex/GTNW.build/Release/GTNW_macOS.build/DerivedSources/arm64 -Xcc -I/Users/kochj/Library/Developer/Xcode/DerivedData/GTNW-fnzdpatdnkirwxcegukxsidntqws/Build/Intermediates.noindex/GTNW.build/Release/GTNW_macOS.build/DerivedSources -emit-objc-header -emit-objc-header-path /Users/kochj/Library/Developer/Xcode/DerivedData/GTNW-fnzdpatdnkirwxcegukxsidntqws/Build/Intermediates.noindex/GTNW.build/Release/GTNW_macOS.build/Objects-normal/arm64/GTNW-Swift.h -working-directory /Volumes/Data/xcode/GTNW -no-emit-module-separately-wmo

SwiftDriver\ Compilation GTNW_macOS normal arm64 com.apple.xcode.tools.swift.compiler (in target 'GTNW_macOS' from project 'GTNW')
    cd /Volumes/Data/xcode/GTNW
    builtin-Swift-Compilation -- /Applications/Xcode.app/Contents/Developer/Toolchains/XcodeDefault.xctoolchain/usr/bin/swiftc -module-name GTNW -O -whole-module-optimization -enforce-exclusivity\=checked @/Users/kochj/Library/Developer/Xcode/DerivedData/GTNW-fnzdpatdnkirwxcegukxsidntqws/Build/Intermediates.noindex/GTNW.build/Release/GTNW_macOS.build/Objects-normal/arm64/GTNW.SwiftFileList -enable-bare-slash-regex -enable-experimental-feature DebugDescriptionMacro -sdk /Applications/Xcode.app/Contents/Developer/Platforms/MacOSX.platform/Developer/SDKs/MacOSX26.1.sdk -target arm64-apple-macos13.0 -g -module-cache-path /Users/kochj/Library/Developer/Xcode/DerivedData/ModuleCache.noindex -Xfrontend -serialize-debugging-options -swift-version 5 -I /Users/kochj/Library/Developer/Xcode/DerivedData/GTNW-fnzdpatdnkirwxcegukxsidntqws/Build/Products/Release -F /Users/kochj/Library/Developer/Xcode/DerivedData/GTNW-fnzdpatdnkirwxcegukxsidntqws/Build/Products/Release -c -num-threads 32 -Xcc -ivfsstatcache -Xcc /Users/kochj/Library/Developer/Xcode/DerivedData/SDKStatCaches.noindex/macosx26.1-25B74-3ae1261907bdadc328169391a47051a6.sdkstatcache -output-file-map /Users/kochj/Library/Developer/Xcode/DerivedData/GTNW-fnzdpatdnkirwxcegukxsidntqws/Build/Intermediates.noindex/GTNW.build/Release/GTNW_macOS.build/Objects-normal/arm64/GTNW_macOS-OutputFileMap.json -use-frontend-parseable-output -save-temps -no-color-diagnostics -explicit-module-build -module-cache-path /Users/kochj/Library/Developer/Xcode/DerivedData/GTNW-fnzdpatdnkirwxcegukxsidntqws/Build/Intermediates.noindex/SwiftExplicitPrecompiledModules -clang-scanner-module-cache-path /Users/kochj/Library/Developer/Xcode/DerivedData/ModuleCache.noindex -sdk-module-cache-path /Users/kochj/Library/Developer/Xcode/DerivedData/ModuleCache.noindex -serialize-diagnostics -emit-dependencies -emit-module -emit-module-path /Users/kochj/Library/Developer/Xcode/DerivedData/GTNW-fnzdpatdnkirwxcegukxsidntqws/Build/Intermediates.noindex/GTNW.build/Release/GTNW_macOS.build/Objects-normal/arm64/GTNW.swiftmodule -validate-clang-modules-once -clang-build-session-file /Users/kochj/Library/Developer/Xcode/DerivedData/ModuleCache.noindex/Session.modulevalidation -Xcc -I/Users/kochj/Library/Developer/Xcode/DerivedData/GTNW-fnzdpatdnkirwxcegukxsidntqws/Build/Intermediates.noindex/GTNW.build/Release/GTNW_macOS.build/swift-overrides.hmap -emit-const-values -Xfrontend -const-gather-protocols-file -Xfrontend /Users/kochj/Library/Developer/Xcode/DerivedData/GTNW-fnzdpatdnkirwxcegukxsidntqws/Build/Intermediates.noindex/GTNW.build/Release/GTNW_macOS.build/Objects-normal/arm64/GTNW_macOS_const_extract_protocols.json -Xcc -iquote -Xcc /Users/kochj/Library/Developer/Xcode/DerivedData/GTNW-fnzdpatdnkirwxcegukxsidntqws/Build/Intermediates.noindex/GTNW.build/Release/GTNW_macOS.build/GTNW-generated-files.hmap -Xcc -I/Users/kochj/Library/Developer/Xcode/DerivedData/GTNW-fnzdpatdnkirwxcegukxsidntqws/Build/Intermediates.noindex/GTNW.build/Release/GTNW_macOS.build/GTNW-own-target-headers.hmap -Xcc -I/Users/kochj/Library/Developer/Xcode/DerivedData/GTNW-fnzdpatdnkirwxcegukxsidntqws/Build/Intermediates.noindex/GTNW.build/Release/GTNW_macOS.build/GTNW-all-target-headers.hmap -Xcc -iquote -Xcc /Users/kochj/Library/Developer/Xcode/DerivedData/GTNW-fnzdpatdnkirwxcegukxsidntqws/Build/Intermediates.noindex/GTNW.build/Release/GTNW_macOS.build/GTNW-project-headers.hmap -Xcc -I/Users/kochj/Library/Developer/Xcode/DerivedData/GTNW-fnzdpatdnkirwxcegukxsidntqws/Build/Products/Release/include -Xcc -I/Users/kochj/Library/Developer/Xcode/DerivedData/GTNW-fnzdpatdnkirwxcegukxsidntqws/Build/Intermediates.noindex/GTNW.build/Release/GTNW_macOS.build/DerivedSources-normal/arm64 -Xcc -I/Users/kochj/Library/Developer/Xcode/DerivedData/GTNW-fnzdpatdnkirwxcegukxsidntqws/Build/Intermediates.noindex/GTNW.build/Release/GTNW_macOS.build/DerivedSources/arm64 -Xcc -I/Users/kochj/Library/Developer/Xcode/DerivedData/GTNW-fnzdpatdnkirwxcegukxsidntqws/Build/Intermediates.noindex/GTNW.build/Release/GTNW_macOS.build/DerivedSources -emit-objc-header -emit-objc-header-path /Users/kochj/Library/Developer/Xcode/DerivedData/GTNW-fnzdpatdnkirwxcegukxsidntqws/Build/Intermediates.noindex/GTNW.build/Release/GTNW_macOS.build/Objects-normal/arm64/GTNW-Swift.h -working-directory /Volumes/Data/xcode/GTNW -no-emit-module-separately-wmo

SwiftCompile normal arm64 Compiling\ Advisor.swift,\ AdvisorViews.swift,\ AppSettings.swift,\ CommandView.swift,\ ContentView.swift,\ Country.swift,\ CyberWarfare.swift,\ GameEngine.swift,\ GameState.swift,\ GameSystems.swift,\ GlobalThermalNuclearWarApp.swift,\ ProhibitedWeapons.swift,\ SystemsView.swift,\ WorldMap.swift,\ HistoricalAdministrations.swift,\ AdministrationSelectionView.swift,\ MainTabView.swift,\ CrisisEvents.swift,\ CrisisView.swift,\ ScoringSystem.swift,\ NewsFeed.swift,\ VictoryScreen.swift,\ LeaderboardView.swift,\ ModernDesignSystem.swift,\ ModernCommandView.swift,\ ModernCountryPicker.swift,\ SimpleModernWorldMap.swift,\ MLXIntegration.swift,\ TextCommandInterface.swift,\ ShadowPresidentActions.swift,\ ShadowPresidentMenu.swift,\ UnifiedCommandCenter.swift,\ MetricsPanel.swift,\ GTNWGaugeView.swift,\ GTNWPerformanceMetrics.swift,\ EnhancedMLXService.swift,\ GeneratedAssetSymbols.swift /Volumes/Data/xcode/GTNW/Shared/Models/Advisor.swift /Volumes/Data/xcode/GTNW/Shared/Views/AdvisorViews.swift /Volumes/Data/xcode/GTNW/Shared/Models/AppSettings.swift /Volumes/Data/xcode/GTNW/Shared/Views/CommandView.swift /Volumes/Data/xcode/GTNW/Shared/Views/ContentView.swift /Volumes/Data/xcode/GTNW/Shared/Models/Country.swift /Volumes/Data/xcode/GTNW/Shared/Models/CyberWarfare.swift /Volumes/Data/xcode/GTNW/Shared/Engine/GameEngine.swift /Volumes/Data/xcode/GTNW/Shared/Models/GameState.swift /Volumes/Data/xcode/GTNW/Shared/Models/GameSystems.swift /Volumes/Data/xcode/GTNW/Shared/GlobalThermalNuclearWarApp.swift /Volumes/Data/xcode/GTNW/Shared/Models/ProhibitedWeapons.swift /Volumes/Data/xcode/GTNW/Shared/Views/SystemsView.swift /Volumes/Data/xcode/GTNW/Shared/Views/WorldMap.swift /Volumes/Data/xcode/GTNW/Shared/Models/HistoricalAdministrations.swift /Volumes/Data/xcode/GTNW/Shared/Views/AdministrationSelectionView.swift /Volumes/Data/xcode/GTNW/Shared/Views/MainTabView.swift /Volumes/Data/xcode/GTNW/Shared/Models/CrisisEvents.swift /Volumes/Data/xcode/GTNW/Shared/Views/CrisisView.swift /Volumes/Data/xcode/GTNW/Shared/Models/ScoringSystem.swift /Volumes/Data/xcode/GTNW/Shared/Models/NewsFeed.swift /Volumes/Data/xcode/GTNW/Shared/Views/VictoryScreen.swift /Volumes/Data/xcode/GTNW/Shared/Views/LeaderboardView.swift /Volumes/Data/xcode/GTNW/Shared/Models/ModernDesignSystem.swift /Volumes/Data/xcode/GTNW/Shared/Views/ModernCommandView.swift /Volumes/Data/xcode/GTNW/Shared/Views/ModernCountryPicker.swift /Volumes/Data/xcode/GTNW/Shared/Views/SimpleModernWorldMap.swift /Volumes/Data/xcode/GTNW/Shared/Models/MLXIntegration.swift /Volumes/Data/xcode/GTNW/Shared/Views/TextCommandInterface.swift /Volumes/Data/xcode/GTNW/Shared/Models/ShadowPresidentActions.swift /Volumes/Data/xcode/GTNW/Shared/Views/ShadowPresidentMenu.swift /Volumes/Data/xcode/GTNW/Shared/Views/UnifiedCommandCenter.swift /Volumes/Data/xcode/GTNW/Shared/Views/MetricsPanel.swift /Volumes/Data/xcode/GTNW/Shared/Views/GTNWGaugeView.swift /Volumes/Data/xcode/GTNW/Shared/Models/GTNWPerformanceMetrics.swift /Volumes/Data/xcode/GTNW/Shared/Models/EnhancedMLXService.swift /Users/kochj/Library/Developer/Xcode/DerivedData/GTNW-fnzdpatdnkirwxcegukxsidntqws/Build/Intermediates.noindex/GTNW.build/Release/GTNW_macOS.build/DerivedSources/GeneratedAssetSymbols.swift /Applications/Xcode.app/Contents/Developer/Toolchains/XcodeDefault.xctoolchain/usr/lib/swift/macosx/prebuilt-modules/26.1/_Builtin_float.swiftmodule/arm64e-apple-macos.swiftmodule /Applications/Xcode.app/Contents/Developer/Toolchains/XcodeDefault.xctoolchain/usr/lib/swift/macosx/prebuilt-modules/26.1/SwiftUICore.swiftmodule/arm64e-apple-macos.swiftmodule /Applications/Xcode.app/Contents/Developer/Toolchains/XcodeDefault.xctoolchain/usr/lib/swift/macosx/prebuilt-modules/26.1/_DarwinFoundation3.swiftmodule/arm64e-apple-macos.swiftmodule /Applications/Xcode.app/Contents/Developer/Toolchains/XcodeDefault.xctoolchain/usr/lib/swift/macosx/prebuilt-modules/26.1/CoreGraphics.swiftmodule/arm64e-apple-macos.swiftmodule /Applications/Xcode.app/Contents/Developer/Toolchains/XcodeDefault.xctoolchain/usr/lib/swift/macosx/prebuilt-modules/26.1/Symbols.swiftmodule/arm64e-apple-macos.swiftmodule /Applications/Xcode.app/Contents/Developer/Toolchains/XcodeDefault.xctoolchain/usr/lib/swift/macosx/prebuilt-modules/26.1/_StringProcessing.swiftmodule/arm64e-apple-macos.swiftmodule /Applications/Xcode.app/Contents/Developer/Toolchains/XcodeDefault.xctoolchain/usr/lib/swift/macosx/prebuilt-modules/26.1/XPC.swiftmodule/arm64e-apple-macos.swiftmodule /Applications/Xcode.app/Contents/Developer/Toolchains/XcodeDefault.xctoolchain/usr/lib/swift/macosx/prebuilt-modules/26.1/_DarwinFoundation1.swiftmodule/arm64e-apple-macos.swiftmodule /Applications/Xcode.app/Contents/Developer/Toolchains/XcodeDefault.xctoolchain/usr/lib/swift/macosx/prebuilt-modules/26.1/os.swiftmodule/arm64e-apple-macos.swiftmodule /Applications/Xcode.app/Contents/Developer/Toolchains/XcodeDefault.xctoolchain/usr/lib/swift/macosx/prebuilt-modules/26.1/CoreData.swiftmodule/arm64e-apple-macos.swiftmodule /Applications/Xcode.app/Contents/Developer/Toolchains/XcodeDefault.xctoolchain/usr/lib/swift/macosx/prebuilt-modules/26.1/Metal.swiftmodule/arm64e-apple-macos.swiftmodule /Applications/Xcode.app/Contents/Developer/Toolchains/XcodeDefault.xctoolchain/usr/lib/swift/macosx/prebuilt-modules/26.1/CoreVideo.swiftmodule/arm64e-apple-macos.swiftmodule /Applications/Xcode.app/Contents/Developer/Toolchains/XcodeDefault.xctoolchain/usr/lib/swift/macosx/prebuilt-modules/26.1/System.swiftmodule/arm64e-apple-macos.swiftmodule /Applications/Xcode.app/Contents/Developer/Toolchains/XcodeDefault.xctoolchain/usr/lib/swift/macosx/prebuilt-modules/26.1/ObjectiveC.swiftmodule/arm64e-apple-macos.swiftmodule /Applications/Xcode.app/Contents/Developer/Toolchains/XcodeDefault.xctoolchain/usr/lib/swift/macosx/prebuilt-modules/26.1/AppKit.swiftmodule/arm64e-apple-macos.swiftmodule /Applications/Xcode.app/Contents/Developer/Toolchains/XcodeDefault.xctoolchain/usr/lib/swift/macosx/prebuilt-modules/26.1/Observation.swiftmodule/arm64e-apple-macos.swiftmodule /Applications/Xcode.app/Contents/Developer/Toolchains/XcodeDefault.xctoolchain/usr/lib/swift/macosx/prebuilt-modules/26.1/OSLog.swiftmodule/arm64e-apple-macos.swiftmodule /Applications/Xcode.app/Contents/Developer/Toolchains/XcodeDefault.xctoolchain/usr/lib/swift/macosx/prebuilt-modules/26.1/CoreFoundation.swiftmodule/arm64e-apple-macos.swiftmodule /Applications/Xcode.app/Contents/Developer/Toolchains/XcodeDefault.xctoolchain/usr/lib/swift/macosx/prebuilt-modules/26.1/Foundation.swiftmodule/arm64e-apple-macos.swiftmodule /Applications/Xcode.app/Contents/Developer/Toolchains/XcodeDefault.xctoolchain/usr/lib/swift/macosx/prebuilt-modules/26.1/QuartzCore.swiftmodule/arm64e-apple-macos.swiftmodule /Applications/Xcode.app/Contents/Developer/Toolchains/XcodeDefault.xctoolchain/usr/lib/swift/macosx/prebuilt-modules/26.1/_DarwinFoundation2.swiftmodule/arm64e-apple-macos.swiftmodule /Applications/Xcode.app/Contents/Developer/Toolchains/XcodeDefault.xctoolchain/usr/lib/swift/macosx/prebuilt-modules/26.1/CoreImage.swiftmodule/arm64e-apple-macos.swiftmodule /Applications/Xcode.app/Contents/Developer/Toolchains/XcodeDefault.xctoolchain/usr/lib/swift/macosx/prebuilt-modules/26.1/SwiftUI.swiftmodule/arm64e-apple-macos.swiftmodule /Applications/Xcode.app/Contents/Developer/Toolchains/XcodeDefault.xctoolchain/usr/lib/swift/macosx/prebuilt-modules/26.1/DataDetection.swiftmodule/arm64e-apple-macos.swiftmodule /Applications/Xcode.app/Contents/Developer/Toolchains/XcodeDefault.xctoolchain/usr/lib/swift/macosx/prebuilt-modules/26.1/Darwin.swiftmodule/arm64e-apple-macos.swiftmodule /Applications/Xcode.app/Contents/Developer/Toolchains/XcodeDefault.xctoolchain/usr/lib/swift/macosx/prebuilt-modules/26.1/Accessibility.swiftmodule/arm64e-apple-macos.swiftmodule /Applications/Xcode.app/Contents/Developer/Toolchains/XcodeDefault.xctoolchain/usr/lib/swift/macosx/prebuilt-modules/26.1/Combine.swiftmodule/arm64e-apple-macos.swiftmodule /Applications/Xcode.app/Contents/Developer/Toolchains/XcodeDefault.xctoolchain/usr/lib/swift/macosx/prebuilt-modules/26.1/Dispatch.swiftmodule/arm64e-apple-macos.swiftmodule /Applications/Xcode.app/Contents/Developer/Toolchains/XcodeDefault.xctoolchain/usr/lib/swift/macosx/prebuilt-modules/26.1/simd.swiftmodule/arm64e-apple-macos.swiftmodule /Applications/Xcode.app/Contents/Developer/Toolchains/XcodeDefault.xctoolchain/usr/lib/swift/macosx/prebuilt-modules/26.1/CoreTransferable.swiftmodule/arm64e-apple-macos.swiftmodule /Applications/Xcode.app/Contents/Developer/Toolchains/XcodeDefault.xctoolchain/usr/lib/swift/macosx/prebuilt-modules/26.1/CoreText.swiftmodule/arm64e-apple-macos.swiftmodule /Applications/Xcode.app/Contents/Developer/Toolchains/XcodeDefault.xctoolchain/usr/lib/swift/macosx/prebuilt-modules/26.1/Swift.swiftmodule/arm64e-apple-macos.swiftmodule /Applications/Xcode.app/Contents/Developer/Toolchains/XcodeDefault.xctoolchain/usr/lib/swift/macosx/prebuilt-modules/26.1/IOKit.swiftmodule/arm64e-apple-macos.swiftmodule /Applications/Xcode.app/Contents/Developer/Toolchains/XcodeDefault.xctoolchain/usr/lib/swift/macosx/prebuilt-modules/26.1/Spatial.swiftmodule/arm64e-apple-macos.swiftmodule /Applications/Xcode.app/Contents/Developer/Toolchains/XcodeDefault.xctoolchain/usr/lib/swift/macosx/prebuilt-modules/26.1/_Concurrency.swiftmodule/arm64e-apple-macos.swiftmodule /Applications/Xcode.app/Contents/Developer/Toolchains/XcodeDefault.xctoolchain/usr/lib/swift/macosx/prebuilt-modules/26.1/DeveloperToolsSupport.swiftmodule/arm64e-apple-macos.swiftmodule /Applications/Xcode.app/Contents/Developer/Toolchains/XcodeDefault.xctoolchain/usr/lib/swift/macosx/prebuilt-modules/26.1/UniformTypeIdentifiers.swiftmodule/arm64e-apple-macos.swiftmodule /Users/kochj/Library/Developer/Xcode/DerivedData/ModuleCache.noindex/Darwin-ALAIYXFNVZ22QJO1ETN836QAB.pcm /Users/kochj/Library/Developer/Xcode/DerivedData/ModuleCache.noindex/CoreGraphics-57H9IX0Q9A53QRZFD16T9ZLDT.pcm /Users/kochj/Library/Developer/Xcode/DerivedData/ModuleCache.noindex/ptrauth-6CMM71NUWWTPI98R9U9NIEF4F.pcm /Users/kochj/Library/Developer/Xcode/DerivedData/ModuleCache.noindex/CoreTransferable-AQ3IGZV4ML4ANCHHV0X8B26ML.pcm /Users/kochj/Library/Developer/Xcode/DerivedData/ModuleCache.noindex/_Builtin_stdarg-9SGZF1OA9FP9QWSCSNOCWXWO.pcm /Users/kochj/Library/Developer/Xcode/DerivedData/ModuleCache.noindex/os_workgroup-3YIB0DFBM3CLZUFCARTBXMB6B.pcm /Users/kochj/Library/Developer/Xcode/DerivedData/ModuleCache.noindex/OpenGL-A965GFC3NFJEJEQTH8W8G4INP.pcm /Users/kochj/Library/Developer/Xcode/DerivedData/ModuleCache.noindex/_AvailabilityInternal-9AKGBV4AG4O2OGN6D9SQ8BEVT.pcm /Users/kochj/Library/Developer/Xcode/DerivedData/ModuleCache.noindex/_Builtin_intrinsics-286XKRW4DVGKMZKWLJNL5NBLN.pcm /Users/kochj/Library/Developer/Xcode/DerivedData/ModuleCache.noindex/libDER-ALPH3A9U5XG4RHWVVKP73OWFJ.pcm /Users/kochj/Library/Developer/Xcode/DerivedData/ModuleCache.noindex/IOKit-DY4DEVNALIP3B26L3SOHEGLPI.pcm /Users/kochj/Library/Developer/Xcode/DerivedData/ModuleCache.noindex/_Builtin_stddef-6QS14G71D4OZHW7LFUQQZHCXE.pcm /Users/kochj/Library/Developer/Xcode/DerivedData/ModuleCache.noindex/DeveloperToolsSupport-6US6BYTL9W86H06D3SH48JNZK.pcm /Users/kochj/Library/Developer/Xcode/DerivedData/ModuleCache.noindex/UniformTypeIdentifiers-9GBY715E2A06F26YAZT9IJ0AK.pcm /Users/kochj/Library/Developer/Xcode/DerivedData/ModuleCache.noindex/CUPS-9GOS37HYDIJMFDGHCAVN6HASA.pcm /Users/kochj/Library/Developer/Xcode/DerivedData/ModuleCache.noindex/DataDetection-7N0K8B5ZMKJ171DF6F6A3XYNY.pcm /Users/kochj/Library/Developer/Xcode/DerivedData/ModuleCache.noindex/_Builtin_inttypes-BQWVYJKSC4AEWATIJYKOALTBY.pcm /Users/kochj/Library/Developer/Xcode/DerivedData/ModuleCache.noindex/IOSurface-8Q4C7AXYQW2MG0X8ZBV6AKXG5.pcm /Users/kochj/Library/Developer/Xcode/DerivedData/ModuleCache.noindex/SwiftUI-AMZDCS7EP96CFAB2QIYEV0AGR.pcm /Users/kochj/Library/Developer/Xcode/DerivedData/ModuleCache.noindex/CoreVideo-DFK3JPETZ100TWLJ4712MSM2V.pcm /Users/kochj/Library/Developer/Xcode/DerivedData/ModuleCache.noindex/AppKit-DG6D2S9XLUQWHC5U29GMHSP2.pcm /Users/kochj/Library/Developer/Xcode/DerivedData/ModuleCache.noindex/ImageIO-6JPO58FCAG7WB43WKCV02YZ37.pcm /Users/kochj/Library/Developer/Xcode/DerivedData/ModuleCache.noindex/libkern-D6ZQY1TLV5PSG8RFCT9TXDXY9.pcm /Users/kochj/Library/Developer/Xcode/DerivedData/ModuleCache.noindex/launch-CDL95EU34JF00NP05VXZJKN7I.pcm /Users/kochj/Library/Developer/Xcode/DerivedData/ModuleCache.noindex/simd-5HP53T5RJOA48T42SLL0ASBI6.pcm /Users/kochj/Library/Developer/Xcode/DerivedData/ModuleCache.noindex/ptrcheck-8GSFZNBZB04KFUF8EJPL1NF7L.pcm /Users/kochj/Library/Developer/Xcode/DerivedData/ModuleCache.noindex/_SwiftConcurrencyShims-CZXX6TWXB624CC6GUB8JOXZE9.pcm /Users/kochj/Library/Developer/Xcode/DerivedData/ModuleCache.noindex/os-6YTDN62OSF3415N5PJBT12640.pcm /Users/kochj/Library/Developer/Xcode/DerivedData/ModuleCache.noindex/Dispatch-8FU60GGPGTMP6WFGKC9XSVFPG.pcm /Users/kochj/Library/Developer/Xcode/DerivedData/ModuleCache.noindex/CoreImage-2PQ2XFX9UJLVLSTTJYFIGTGV5.pcm /Users/kochj/Library/Developer/Xcode/DerivedData/ModuleCache.noindex/Metal-2A4TZL5UJ6YK0A1JHY65HOKD5.pcm /Users/kochj/Library/Developer/Xcode/DerivedData/ModuleCache.noindex/ColorSync-7YIXNGJS26NPN6S8NZ03QBCSQ.pcm /Users/kochj/Library/Developer/Xcode/DerivedData/ModuleCache.noindex/CoreText-9P95B2WCYN5ZGBT991H8AFYGU.pcm /Users/kochj/Library/Developer/Xcode/DerivedData/ModuleCache.noindex/ObjectiveC-872CVMW3YFCHKKXWC6ITHPKJT.pcm /Users/kochj/Library/Developer/Xcode/DerivedData/ModuleCache.noindex/_DarwinFoundation3-CHN8YHKRPQUCN6C3DQ7U87JPU.pcm /Users/kochj/Library/Developer/Xcode/DerivedData/ModuleCache.noindex/_Builtin_stdbool-DYUZNTCBWIKQEI0F1A85FWVXK.pcm /Users/kochj/Library/Developer/Xcode/DerivedData/ModuleCache.noindex/DiskArbitration-92TAB3BU2OOAWQUAPLN4DFL8T.pcm /Users/kochj/Library/Developer/Xcode/DerivedData/ModuleCache.noindex/XPC-6SAKZOMZCU456ARFTCVHYY2A8.pcm /Users/kochj/Library/Developer/Xcode/DerivedData/ModuleCache.noindex/_DarwinFoundation2-9ZH7ZH5WUDX9HUTCSKTJE1M4V.pcm /Users/kochj/Library/Developer/Xcode/DerivedData/ModuleCache.noindex/CoreData-4TP65JQ0M61LFPJRJCFW6J2OT.pcm /Users/kochj/Library/Developer/Xcode/DerivedData/ModuleCache.noindex/ApplicationServices-8SXM15BIRKS9A78MRQQ8PM8J1.pcm /Users/kochj/Library/Developer/Xcode/DerivedData/ModuleCache.noindex/_Builtin_tgmath-6VNQYPOLT6SUBEM2JAE3YJ4RO.pcm /Users/kochj/Library/Developer/Xcode/DerivedData/ModuleCache.noindex/CoreFoundation-AQ5AVCT3F5AAVP409923O1MP0.pcm /Users/kochj/Library/Developer/Xcode/DerivedData/ModuleCache.noindex/_Builtin_limits-D1X4EQ9P85AVWZCK6DISGPIKU.pcm /Users/kochj/Library/Developer/Xcode/DerivedData/ModuleCache.noindex/os_object-5K6GSW6DV5LA4NVVZJREBZP0S.pcm /Users/kochj/Library/Developer/Xcode/DerivedData/ModuleCache.noindex/_Builtin_float-DM5FK4IR6Z584IO6W3K2WWMH2.pcm /Users/kochj/Library/Developer/Xcode/DerivedData/ModuleCache.noindex/SwiftUICore-9D3TKAN4BRB8275C67S5Q3SA7.pcm /Users/kochj/Library/Developer/Xcode/DerivedData/ModuleCache.noindex/OSLog-C5LSYO3QWE6BDHBWWN0HO7OZG.pcm /Users/kochj/Library/Developer/Xcode/DerivedData/ModuleCache.noindex/Symbols-78D8LL3XOPZNZA4QPZV4GJRRT.pcm /Users/kochj/Library/Developer/Xcode/DerivedData/ModuleCache.noindex/Spatial-DBB3AV4PW7G6V1RQ9QK65QUYI.pcm /Users/kochj/Library/Developer/Xcode/DerivedData/ModuleCache.noindex/Security-7USH3VFR7X0CVH8QGECFOSLTL.pcm /Users/kochj/Library/Developer/Xcode/DerivedData/ModuleCache.noindex/sys_types-2F1N44PW9Z7S15Y6LLJXD0NKD.pcm /Users/kochj/Library/Developer/Xcode/DerivedData/ModuleCache.noindex/QuartzCore-5S9L0YM8RTGIL2JAP2G0ZHMV1.pcm /Users/kochj/Library/Developer/Xcode/DerivedData/ModuleCache.noindex/_Builtin_stdint-77KNOR7CO7LWBT15B6WTLM3NV.pcm /Users/kochj/Library/Developer/Xcode/DerivedData/ModuleCache.noindex/MachO-846QNJ80A750ZZ77Z70MI7YZS.pcm /Users/kochj/Library/Developer/Xcode/DerivedData/ModuleCache.noindex/SwiftShims-77PLAPV9KQ29ZED0OD389URB.pcm /Users/kochj/Library/Developer/Xcode/DerivedData/ModuleCache.noindex/Accessibility-BM5F8BTUL1WNNT02KRNZB73QG.pcm /Users/kochj/Library/Developer/Xcode/DerivedData/ModuleCache.noindex/_Builtin_stdatomic-6A22ZJKIKNCZ1I2KQQGGX07SV.pcm /Users/kochj/Library/Developer/Xcode/DerivedData/ModuleCache.noindex/CFNetwork-DQPDPH8MRG08QPF47TUWXT6D0.pcm /Users/kochj/Library/Developer/Xcode/DerivedData/ModuleCache.noindex/Foundation-4DQ1V1FOW3X167IXJ2AU0NLZ7.pcm /Users/kochj/Library/Developer/Xcode/DerivedData/ModuleCache.noindex/CoreServices-68V78VFX5022EBC1V7VLHNRFM.pcm /Users/kochj/Library/Developer/Xcode/DerivedData/ModuleCache.noindex/_DarwinFoundation1-4CXQDKS11BTFF8T9FHVEQOYOZ.pcm /Users/kochj/Library/Developer/Xcode/DerivedData/GTNW-fnzdpatdnkirwxcegukxsidntqws/Build/Intermediates.noindex/GTNW.build/Release/GTNW_macOS.build/Objects-normal/arm64/GTNW-dependencies-1.json (in target 'GTNW_macOS' from project 'GTNW')
CompileSwift normal arm64 (in target 'GTNW_macOS' from project 'GTNW')
    cd /Volumes/Data/xcode/GTNW
    
/Volumes/Data/xcode/GTNW/Shared/Models/CrisisEvents.swift:135:34: error: 'CrisisEvent' is ambiguous for type lookup in this context
    @Published var activeCrisis: CrisisEvent?
                                 ^~~~~~~~~~~
/Volumes/Data/xcode/GTNW/Shared/Models/CrisisEvents.swift:61:8: note: found this candidate
struct CrisisEvent: Identifiable, Codable {
       ^
/Volumes/Data/xcode/GTNW/Shared/Models/EnhancedMLXService.swift:499:8: note: found this candidate
struct CrisisEvent {
       ^
/Volumes/Data/xcode/GTNW/Shared/Models/CrisisEvents.swift:142:56: error: 'CrisisEvent' is ambiguous for type lookup in this context
    func generateRandomCrisis(gameState: GameState) -> CrisisEvent? {
                                                       ^~~~~~~~~~~
/Volumes/Data/xcode/GTNW/Shared/Models/CrisisEvents.swift:61:8: note: found this candidate
struct CrisisEvent: Identifiable, Codable {
       ^
/Volumes/Data/xcode/GTNW/Shared/Models/EnhancedMLXService.swift:499:8: note: found this candidate
struct CrisisEvent {
       ^
/Volumes/Data/xcode/GTNW/Shared/Models/CrisisEvents.swift:606:34: error: 'CrisisEvent' is ambiguous for type lookup in this context
    func presentCrisis(_ crisis: CrisisEvent) {
                                 ^~~~~~~~~~~
/Volumes/Data/xcode/GTNW/Shared/Models/CrisisEvents.swift:61:8: note: found this candidate
struct CrisisEvent: Identifiable, Codable {
       ^
/Volumes/Data/xcode/GTNW/Shared/Models/EnhancedMLXService.swift:499:8: note: found this candidate
struct CrisisEvent {
       ^
/Volumes/Data/xcode/GTNW/Shared/Engine/GameEngine.swift:236:32: warning: immutable value 'target' was never used; consider replacing with '_' or removing it
        case .formAlliance(let target):
                           ~~~~^~~~~~
                           _
/Volumes/Data/xcode/GTNW/Shared/Engine/GameEngine.swift:238:27: warning: immutable value 'target' was never used; consider replacing with '_' or removing it
        case .sendAid(let target, _):
                      ~~~~^~~~~~
                      _
/Volumes/Data/xcode/GTNW/Shared/Engine/GameEngine.swift:1396:19: warning: variable 'gameState' was never mutated; consider changing to 'let' constant
        guard var gameState = gameState else { return }
              ~~~ ^
              let
/Volumes/Data/xcode/GTNW/Shared/Models/GameSystems.swift:28:9: warning: immutable property will not be decoded because it is declared with an initial value which cannot be overwritten
    let id = UUID()
        ^
/Volumes/Data/xcode/GTNW/Shared/Models/GameSystems.swift:28:9: note: set the initial value via the initializer or explicitly define a CodingKeys enum including a 'id' case to silence this warning
    let id = UUID()
        ^
/Volumes/Data/xcode/GTNW/Shared/Models/GameSystems.swift:28:9: note: make the property mutable instead
    let id = UUID()
    ~~~ ^
    var
/Volumes/Data/xcode/GTNW/Shared/Models/GameSystems.swift:34:9: warning: immutable property will not be decoded because it is declared with an initial value which cannot be overwritten
    let id = UUID()
        ^
/Volumes/Data/xcode/GTNW/Shared/Models/GameSystems.swift:34:9: note: set the initial value via the initializer or explicitly define a CodingKeys enum including a 'id' case to silence this warning
    let id = UUID()
        ^
/Volumes/Data/xcode/GTNW/Shared/Models/GameSystems.swift:34:9: note: make the property mutable instead
    let id = UUID()
    ~~~ ^
    var
/Volumes/Data/xcode/GTNW/Shared/Models/GameSystems.swift:48:9: warning: immutable property will not be decoded because it is declared with an initial value which cannot be overwritten
    let id = UUID()
        ^
/Volumes/Data/xcode/GTNW/Shared/Models/GameSystems.swift:48:9: note: set the initial value via the initializer or explicitly define a CodingKeys enum including a 'id' case to silence this warning
    let id = UUID()
        ^
/Volumes/Data/xcode/GTNW/Shared/Models/GameSystems.swift:48:9: note: make the property mutable instead
    let id = UUID()
    ~~~ ^
    var
/Volumes/Data/xcode/GTNW/Shared/Models/GameSystems.swift:90:9: warning: immutable property will not be decoded because it is declared with an initial value which cannot be overwritten
    let id = UUID()
        ^
/Volumes/Data/xcode/GTNW/Shared/Models/GameSystems.swift:90:9: note: set the initial value via the initializer or explicitly define a CodingKeys enum including a 'id' case to silence this warning
    let id = UUID()
        ^
/Volumes/Data/xcode/GTNW/Shared/Models/GameSystems.swift:90:9: note: make the property mutable instead
    let id = UUID()
    ~~~ ^
    var
/Volumes/Data/xcode/GTNW/Shared/Models/GameSystems.swift:96:9: warning: immutable property will not be decoded because it is declared with an initial value which cannot be overwritten
    let id = UUID()
        ^
/Volumes/Data/xcode/GTNW/Shared/Models/GameSystems.swift:96:9: note: set the initial value via the initializer or explicitly define a CodingKeys enum including a 'id' case to silence this warning
    let id = UUID()
        ^
/Volumes/Data/xcode/GTNW/Shared/Models/GameSystems.swift:96:9: note: make the property mutable instead
    let id = UUID()
    ~~~ ^
    var
/Volumes/Data/xcode/GTNW/Shared/Models/GameSystems.swift:107:9: warning: immutable property will not be decoded because it is declared with an initial value which cannot be overwritten
    let id = UUID()
        ^
/Volumes/Data/xcode/GTNW/Shared/Models/GameSystems.swift:107:9: note: set the initial value via the initializer or explicitly define a CodingKeys enum including a 'id' case to silence this warning
    let id = UUID()
        ^
/Volumes/Data/xcode/GTNW/Shared/Models/GameSystems.swift:107:9: note: make the property mutable instead
    let id = UUID()
    ~~~ ^
    var
/Volumes/Data/xcode/GTNW/Shared/Models/GameSystems.swift:114:9: warning: immutable property will not be decoded because it is declared with an initial value which cannot be overwritten
    let id = UUID()
        ^
/Volumes/Data/xcode/GTNW/Shared/Models/GameSystems.swift:114:9: note: set the initial value via the initializer or explicitly define a CodingKeys enum including a 'id' case to silence this warning
    let id = UUID()
        ^
/Volumes/Data/xcode/GTNW/Shared/Models/GameSystems.swift:114:9: note: make the property mutable instead
    let id = UUID()
    ~~~ ^
    var
/Volumes/Data/xcode/GTNW/Shared/Models/GameSystems.swift:125:9: warning: immutable property will not be decoded because it is declared with an initial value which cannot be overwritten
    let id = UUID()
        ^
/Volumes/Data/xcode/GTNW/Shared/Models/GameSystems.swift:125:9: note: set the initial value via the initializer or explicitly define a CodingKeys enum including a 'id' case to silence this warning
    let id = UUID()
        ^
/Volumes/Data/xcode/GTNW/Shared/Models/GameSystems.swift:125:9: note: make the property mutable instead
    let id = UUID()
    ~~~ ^
    var
/Volumes/Data/xcode/GTNW/Shared/Models/GameSystems.swift:130:9: warning: immutable property will not be decoded because it is declared with an initial value which cannot be overwritten
    let id = UUID()
        ^
/Volumes/Data/xcode/GTNW/Shared/Models/GameSystems.swift:130:9: note: set the initial value via the initializer or explicitly define a CodingKeys enum including a 'id' case to silence this warning
    let id = UUID()
        ^
/Volumes/Data/xcode/GTNW/Shared/Models/GameSystems.swift:130:9: note: make the property mutable instead
    let id = UUID()
    ~~~ ^
    var
/Volumes/Data/xcode/GTNW/Shared/Models/GameSystems.swift:174:9: warning: immutable property will not be decoded because it is declared with an initial value which cannot be overwritten
    let id = UUID()
        ^
/Volumes/Data/xcode/GTNW/Shared/Models/GameSystems.swift:174:9: note: set the initial value via the initializer or explicitly define a CodingKeys enum including a 'id' case to silence this warning
    let id = UUID()
        ^
/Volumes/Data/xcode/GTNW/Shared/Models/GameSystems.swift:174:9: note: make the property mutable instead
    let id = UUID()
    ~~~ ^
    var
/Volumes/Data/xcode/GTNW/Shared/Models/GameSystems.swift:184:9: warning: immutable property will not be decoded because it is declared with an initial value which cannot be overwritten
    let id = UUID()
        ^
/Volumes/Data/xcode/GTNW/Shared/Models/GameSystems.swift:184:9: note: set the initial value via the initializer or explicitly define a CodingKeys enum including a 'id' case to silence this warning
    let id = UUID()
        ^
/Volumes/Data/xcode/GTNW/Shared/Models/GameSystems.swift:184:9: note: make the property mutable instead
    let id = UUID()
    ~~~ ^
    var
/Volumes/Data/xcode/GTNW/Shared/Models/GameSystems.swift:197:9: warning: immutable property will not be decoded because it is declared with an initial value which cannot be overwritten
    let id = UUID()
        ^
/Volumes/Data/xcode/GTNW/Shared/Models/GameSystems.swift:197:9: note: set the initial value via the initializer or explicitly define a CodingKeys enum including a 'id' case to silence this warning
    let id = UUID()
        ^
/Volumes/Data/xcode/GTNW/Shared/Models/GameSystems.swift:197:9: note: make the property mutable instead
    let id = UUID()
    ~~~ ^
    var
/Volumes/Data/xcode/GTNW/Shared/Models/GameSystems.swift:203:9: warning: immutable property will not be decoded because it is declared with an initial value which cannot be overwritten
    let id = UUID()
        ^
/Volumes/Data/xcode/GTNW/Shared/Models/GameSystems.swift:203:9: note: set the initial value via the initializer or explicitly define a CodingKeys enum including a 'id' case to silence this warning
    let id = UUID()
        ^
/Volumes/Data/xcode/GTNW/Shared/Models/GameSystems.swift:203:9: note: make the property mutable instead
    let id = UUID()
    ~~~ ^
    var
/Volumes/Data/xcode/GTNW/Shared/Models/GameSystems.swift:222:9: warning: immutable property will not be decoded because it is declared with an initial value which cannot be overwritten
    let id = UUID()
        ^
/Volumes/Data/xcode/GTNW/Shared/Models/GameSystems.swift:222:9: note: set the initial value via the initializer or explicitly define a CodingKeys enum including a 'id' case to silence this warning
    let id = UUID()
        ^
/Volumes/Data/xcode/GTNW/Shared/Models/GameSystems.swift:222:9: note: make the property mutable instead
    let id = UUID()
    ~~~ ^
    var
/Volumes/Data/xcode/GTNW/Shared/Views/CrisisView.swift:12:17: error: 'CrisisEvent' is ambiguous for type lookup in this context
    let crisis: CrisisEvent
                ^~~~~~~~~~~
/Volumes/Data/xcode/GTNW/Shared/Models/CrisisEvents.swift:61:8: note: found this candidate
struct CrisisEvent: Identifiable, Codable {
       ^
/Volumes/Data/xcode/GTNW/Shared/Models/EnhancedMLXService.swift:499:8: note: found this candidate
struct CrisisEvent {
       ^
/Volumes/Data/xcode/GTNW/Shared/Models/CrisisEvents.swift:61:8: error: invalid redeclaration of 'CrisisEvent'
struct CrisisEvent: Identifiable, Codable {
       ^
/Volumes/Data/xcode/GTNW/Shared/Models/EnhancedMLXService.swift:499:8: note: 'CrisisEvent' previously declared here
struct CrisisEvent {
       ^
/Volumes/Data/xcode/GTNW/Shared/Models/EnhancedMLXService.swift:499:8: note: 'CrisisEvent' previously declared here
struct CrisisEvent {
       ^
/Volumes/Data/xcode/GTNW/Shared/Models/CrisisEvents.swift:136:36: error: 'CrisisEvent' is ambiguous for type lookup in this context
    @Published var crisisHistory: [CrisisEvent] = []
                                   ^~~~~~~~~~~
/Volumes/Data/xcode/GTNW/Shared/Models/CrisisEvents.swift:61:8: note: found this candidate
struct CrisisEvent: Identifiable, Codable {
       ^
/Volumes/Data/xcode/GTNW/Shared/Models/EnhancedMLXService.swift:499:8: note: found this candidate
struct CrisisEvent {
       ^
/Volumes/Data/xcode/GTNW/Shared/Models/CrisisEvents.swift:168:71: error: 'CrisisEvent' is ambiguous for type lookup in this context
    func createCrisis(type: CrisisEventType, gameState: GameState) -> CrisisEvent {
                                                                      ^~~~~~~~~~~
/Volumes/Data/xcode/GTNW/Shared/Models/CrisisEvents.swift:61:8: note: found this candidate
struct CrisisEvent: Identifiable, Codable {
       ^
/Volumes/Data/xcode/GTNW/Shared/Models/EnhancedMLXService.swift:499:8: note: found this candidate
struct CrisisEvent {
       ^
/Volumes/Data/xcode/GTNW/Shared/Models/CrisisEvents.swift:205:66: error: 'CrisisEvent' is ambiguous for type lookup in this context
    private func createFalseAlarmCrisis(gameState: GameState) -> CrisisEvent {
                                                                 ^~~~~~~~~~~
/Volumes/Data/xcode/GTNW/Shared/Models/CrisisEvents.swift:61:8: note: found this candidate
struct CrisisEvent: Identifiable, Codable {
       ^
/Volumes/Data/xcode/GTNW/Shared/Models/EnhancedMLXService.swift:499:8: note: found this candidate
struct CrisisEvent {
       ^
/Volumes/Data/xcode/GTNW/Shared/Models/CrisisEvents.swift:272:71: error: 'CrisisEvent' is ambiguous for type lookup in this context
    private func createNuclearAccidentCrisis(gameState: GameState) -> CrisisEvent {
                                                                      ^~~~~~~~~~~
/Volumes/Data/xcode/GTNW/Shared/Models/CrisisEvents.swift:61:8: note: found this candidate
struct CrisisEvent: Identifiable, Codable {
       ^
/Volumes/Data/xcode/GTNW/Shared/Models/EnhancedMLXService.swift:499:8: note: found this candidate
struct CrisisEvent {
       ^
/Volumes/Data/xcode/GTNW/Shared/Models/CrisisEvents.swift:337:71: error: 'CrisisEvent' is ambiguous for type lookup in this context
    private func createTerroristThreatCrisis(gameState: GameState) -> CrisisEvent {
                                                                      ^~~~~~~~~~~
/Volumes/Data/xcode/GTNW/Shared/Models/CrisisEvents.swift:61:8: note: found this candidate
struct CrisisEvent: Identifiable, Codable {
       ^
/Volumes/Data/xcode/GTNW/Shared/Models/EnhancedMLXService.swift:499:8: note: found this candidate
struct CrisisEvent {
       ^
/Volumes/Data/xcode/GTNW/Shared/Models/CrisisEvents.swift:402:70: error: 'CrisisEvent' is ambiguous for type lookup in this context
    private func createRogueCommanderCrisis(gameState: GameState) -> CrisisEvent {
                                                                     ^~~~~~~~~~~
/Volumes/Data/xcode/GTNW/Shared/Models/CrisisEvents.swift:61:8: note: found this candidate
struct CrisisEvent: Identifiable, Codable {
       ^
/Volumes/Data/xcode/GTNW/Shared/Models/EnhancedMLXService.swift:499:8: note: found this candidate
struct CrisisEvent {
       ^
/Volumes/Data/xcode/GTNW/Shared/Models/CrisisEvents.swift:469:67: error: 'CrisisEvent' is ambiguous for type lookup in this context
    private func createCyberAttackCrisis(gameState: GameState) -> CrisisEvent {
                                                                  ^~~~~~~~~~~
/Volumes/Data/xcode/GTNW/Shared/Models/CrisisEvents.swift:61:8: note: found this candidate
struct CrisisEvent: Identifiable, Codable {
       ^
/Volumes/Data/xcode/GTNW/Shared/Models/EnhancedMLXService.swift:499:8: note: found this candidate
struct CrisisEvent {
       ^
/Volumes/Data/xcode/GTNW/Shared/Models/CrisisEvents.swift:533:68: error: 'CrisisEvent' is ambiguous for type lookup in this context
    private func createMilitaryCoupCrisis(gameState: GameState) -> CrisisEvent {
                                                                   ^~~~~~~~~~~
/Volumes/Data/xcode/GTNW/Shared/Models/CrisisEvents.swift:61:8: note: found this candidate
struct CrisisEvent: Identifiable, Codable {
       ^
/Volumes/Data/xcode/GTNW/Shared/Models/EnhancedMLXService.swift:499:8: note: found this candidate
struct CrisisEvent {
       ^
/Volumes/Data/xcode/GTNW/Shared/Models/CrisisEvents.swift:538:65: error: 'CrisisEvent' is ambiguous for type lookup in this context
    private func createEspionageCrisis(gameState: GameState) -> CrisisEvent {
                                                                ^~~~~~~~~~~
/Volumes/Data/xcode/GTNW/Shared/Models/CrisisEvents.swift:61:8: note: found this candidate
struct CrisisEvent: Identifiable, Codable {
       ^
/Volumes/Data/xcode/GTNW/Shared/Models/EnhancedMLXService.swift:499:8: note: found this candidate
struct CrisisEvent {
       ^
/Volumes/Data/xcode/GTNW/Shared/Models/CrisisEvents.swift:543:74: error: 'CrisisEvent' is ambiguous for type lookup in this context
    private func createDiplomaticIncidentCrisis(gameState: GameState) -> CrisisEvent {
                                                                         ^~~~~~~~~~~
/Volumes/Data/xcode/GTNW/Shared/Models/CrisisEvents.swift:61:8: note: found this candidate
struct CrisisEvent: Identifiable, Codable {
       ^
/Volumes/Data/xcode/GTNW/Shared/Models/EnhancedMLXService.swift:499:8: note: found this candidate
struct CrisisEvent {
       ^
/Volumes/Data/xcode/GTNW/Shared/Models/CrisisEvents.swift:548:72: error: 'CrisisEvent' is ambiguous for type lookup in this context
    private func createEconomicCollapseCrisis(gameState: GameState) -> CrisisEvent {
                                                                       ^~~~~~~~~~~
/Volumes/Data/xcode/GTNW/Shared/Models/CrisisEvents.swift:61:8: note: found this candidate
struct CrisisEvent: Identifiable, Codable {
       ^
/Volumes/Data/xcode/GTNW/Shared/Models/EnhancedMLXService.swift:499:8: note: found this candidate
struct CrisisEvent {
       ^
/Volumes/Data/xcode/GTNW/Shared/Models/CrisisEvents.swift:553:72: error: 'CrisisEvent' is ambiguous for type lookup in this context
    private func createSatelliteFailureCrisis(gameState: GameState) -> CrisisEvent {
                                                                       ^~~~~~~~~~~
/Volumes/Data/xcode/GTNW/Shared/Models/CrisisEvents.swift:61:8: note: found this candidate
struct CrisisEvent: Identifiable, Codable {
       ^
/Volumes/Data/xcode/GTNW/Shared/Models/EnhancedMLXService.swift:499:8: note: found this candidate
struct CrisisEvent {
       ^
/Volumes/Data/xcode/GTNW/Shared/Models/CrisisEvents.swift:557:67: error: 'CrisisEvent' is ambiguous for type lookup in this context
    private func createCivilUnrestCrisis(gameState: GameState) -> CrisisEvent {
                                                                  ^~~~~~~~~~~
/Volumes/Data/xcode/GTNW/Shared/Models/CrisisEvents.swift:61:8: note: found this candidate
struct CrisisEvent: Identifiable, Codable {
       ^
/Volumes/Data/xcode/GTNW/Shared/Models/EnhancedMLXService.swift:499:8: note: found this candidate
struct CrisisEvent {
       ^
/Volumes/Data/xcode/GTNW/Shared/Models/CrisisEvents.swift:562:74: error: 'CrisisEvent' is ambiguous for type lookup in this context
    private func createWeaponsMalfunctionCrisis(gameState: GameState) -> CrisisEvent {
                                                                         ^~~~~~~~~~~
/Volumes/Data/xcode/GTNW/Shared/Models/CrisisEvents.swift:61:8: note: found this candidate
struct CrisisEvent: Identifiable, Codable {
       ^
/Volumes/Data/xcode/GTNW/Shared/Models/EnhancedMLXService.swift:499:8: note: found this candidate
struct CrisisEvent {
       ^
/Volumes/Data/xcode/GTNW/Shared/Models/CrisisEvents.swift:566:69: error: 'CrisisEvent' is ambiguous for type lookup in this context
    private func createRadiationLeakCrisis(gameState: GameState) -> CrisisEvent {
                                                                    ^~~~~~~~~~~
/Volumes/Data/xcode/GTNW/Shared/Models/CrisisEvents.swift:61:8: note: found this candidate
struct CrisisEvent: Identifiable, Codable {
       ^
/Volumes/Data/xcode/GTNW/Shared/Models/EnhancedMLXService.swift:499:8: note: found this candidate
struct CrisisEvent {
       ^
/Volumes/Data/xcode/GTNW/Shared/Models/CrisisEvents.swift:571:63: error: 'CrisisEvent' is ambiguous for type lookup in this context
    private func createSpyRingCrisis(gameState: GameState) -> CrisisEvent {
                                                              ^~~~~~~~~~~
/Volumes/Data/xcode/GTNW/Shared/Models/CrisisEvents.swift:61:8: note: found this candidate
struct CrisisEvent: Identifiable, Codable {
       ^
/Volumes/Data/xcode/GTNW/Shared/Models/EnhancedMLXService.swift:499:8: note: found this candidate
struct CrisisEvent {
       ^
/Volumes/Data/xcode/GTNW/Shared/Models/CrisisEvents.swift:576:69: error: 'CrisisEvent' is ambiguous for type lookup in this context
    private func createAssassinationCrisis(gameState: GameState) -> CrisisEvent {
                                                                    ^~~~~~~~~~~
/Volumes/Data/xcode/GTNW/Shared/Models/CrisisEvents.swift:61:8: note: found this candidate
struct CrisisEvent: Identifiable, Codable {
       ^
/Volumes/Data/xcode/GTNW/Shared/Models/EnhancedMLXService.swift:499:8: note: found this candidate
struct CrisisEvent {
       ^
/Volumes/Data/xcode/GTNW/Shared/Models/CrisisEvents.swift:581:119: error: 'CrisisEvent' is ambiguous for type lookup in this context
    private func createSimpleCrisis(type: CrisisEventType, title: String, country: Country?, gameState: GameState) -> CrisisEvent {
                                                                                                                      ^~~~~~~~~~~
/Volumes/Data/xcode/GTNW/Shared/Models/CrisisEvents.swift:61:8: note: found this candidate
struct CrisisEvent: Identifiable, Codable {
       ^
/Volumes/Data/xcode/GTNW/Shared/Models/EnhancedMLXService.swift:499:8: note: found this candidate
struct CrisisEvent {
       ^
/Volumes/Data/xcode/GTNW/Shared/Models/ScoringSystem.swift:120:9: warning: immutable property will not be decoded because it is declared with an initial value which cannot be overwritten
    let id = UUID()
        ^
/Volumes/Data/xcode/GTNW/Shared/Models/ScoringSystem.swift:120:9: note: set the initial value via the initializer or explicitly define a CodingKeys enum including a 'id' case to silence this warning
    let id = UUID()
        ^
/Volumes/Data/xcode/GTNW/Shared/Models/ScoringSystem.swift:120:9: note: make the property mutable instead
    let id = UUID()
    ~~~ ^
    var
/Volumes/Data/xcode/GTNW/Shared/Models/NewsFeed.swift:61:9: warning: immutable property will not be decoded because it is declared with an initial value which cannot be overwritten
    let id = UUID()
        ^
/Volumes/Data/xcode/GTNW/Shared/Models/NewsFeed.swift:61:9: note: set the initial value via the initializer or explicitly define a CodingKeys enum including a 'id' case to silence this warning
    let id = UUID()
        ^
/Volumes/Data/xcode/GTNW/Shared/Models/NewsFeed.swift:61:9: note: make the property mutable instead
    let id = UUID()
    ~~~ ^
    var
/Volumes/Data/xcode/GTNW/Shared/Models/NewsFeed.swift:76:48: error: main actor-isolated property 'isConnected' can not be referenced from a nonisolated autoclosure
        if useMLX && EnhancedMLXService.shared.isConnected {
                                               ^
/Volumes/Data/xcode/GTNW/Shared/Models/EnhancedMLXService.swift:37:9: note: property declared here
    var isConnected: Bool {
        ^
/Volumes/Data/xcode/GTNW/Shared/Models/NewsFeed.swift:76:41: warning: main actor-isolated static property 'shared' can not be referenced from a nonisolated autoclosure; this is an error in the Swift 6 language mode
        if useMLX && EnhancedMLXService.shared.isConnected {
                                        ^
/Volumes/Data/xcode/GTNW/Shared/Models/EnhancedMLXService.swift:16:16: note: static property declared here
    static let shared = EnhancedMLXService()
               ^
/Volumes/Data/xcode/GTNW/Shared/Models/MLXIntegration.swift:24:61: warning: main actor-isolated static property 'shared' can not be referenced from a nonisolated context; this is an error in the Swift 6 language mode
    private let performanceMetrics = GTNWPerformanceMetrics.shared
                                                            ^
/Volumes/Data/xcode/GTNW/Shared/Models/GTNWPerformanceMetrics.swift:14:16: note: static property declared here
    static let shared = GTNWPerformanceMetrics()
               ^
/Volumes/Data/xcode/GTNW/Shared/Models/MLXIntegration.swift:618:9: warning: immutable property will not be decoded because it is declared with an initial value which cannot be overwritten
    let id = UUID()
        ^
/Volumes/Data/xcode/GTNW/Shared/Models/MLXIntegration.swift:618:9: note: set the initial value via the initializer or explicitly define a CodingKeys enum including a 'id' case to silence this warning
    let id = UUID()
        ^
/Volumes/Data/xcode/GTNW/Shared/Models/MLXIntegration.swift:618:9: note: make the property mutable instead
    let id = UUID()
    ~~~ ^
    var
/Volumes/Data/xcode/GTNW/Shared/Models/EnhancedMLXService.swift:263:56: error: 'CrisisEvent' is ambiguous for type lookup in this context
    func generateCrisis(gameState: GameState) async -> CrisisEvent? {
                                                       ^~~~~~~~~~~
/Volumes/Data/xcode/GTNW/Shared/Models/CrisisEvents.swift:61:8: note: found this candidate
struct CrisisEvent: Identifiable, Codable {
       ^
/Volumes/Data/xcode/GTNW/Shared/Models/EnhancedMLXService.swift:499:8: note: found this candidate
struct CrisisEvent {
       ^
/Volumes/Data/xcode/GTNW/Shared/Models/EnhancedMLXService.swift:447:51: error: 'CrisisEvent' is ambiguous for type lookup in this context
    private func parseCrisis(response: String) -> CrisisEvent? {
                                                  ^~~~~~~~~~~
/Volumes/Data/xcode/GTNW/Shared/Models/CrisisEvents.swift:61:8: note: found this candidate
struct CrisisEvent: Identifiable, Codable {
       ^
/Volumes/Data/xcode/GTNW/Shared/Models/EnhancedMLXService.swift:499:8: note: found this candidate
struct CrisisEvent {
       ^
/Volumes/Data/xcode/GTNW/Shared/Models/EnhancedMLXService.swift:240:46: error: value of type 'Advisor' has no member 'role'
        You are \(advisor.name), a \(advisor.role) advisor in a war simulation.
                                     ~~~~~~~ ^~~~
/Volumes/Data/xcode/GTNW/Shared/Models/EnhancedMLXService.swift:257:75: error: value of type 'Advisor' has no member 'role'
        return await callMLX(prompt: prompt, category: "advisor_\(advisor.role)")
                                                                  ~~~~~~~ ^~~~

Failed frontend command:
/Applications/Xcode.app/Contents/Developer/Toolchains/XcodeDefault.xctoolchain/usr/bin/swift-frontend -frontend -c /Volumes/Data/xcode/GTNW/Shared/Models/Advisor.swift /Volumes/Data/xcode/GTNW/Shared/Views/AdvisorViews.swift /Volumes/Data/xcode/GTNW/Shared/Models/AppSettings.swift /Volumes/Data/xcode/GTNW/Shared/Views/CommandView.swift /Volumes/Data/xcode/GTNW/Shared/Views/ContentView.swift /Volumes/Data/xcode/GTNW/Shared/Models/Country.swift /Volumes/Data/xcode/GTNW/Shared/Models/CyberWarfare.swift /Volumes/Data/xcode/GTNW/Shared/Engine/GameEngine.swift /Volumes/Data/xcode/GTNW/Shared/Models/GameState.swift /Volumes/Data/xcode/GTNW/Shared/Models/GameSystems.swift /Volumes/Data/xcode/GTNW/Shared/GlobalThermalNuclearWarApp.swift /Volumes/Data/xcode/GTNW/Shared/Models/ProhibitedWeapons.swift /Volumes/Data/xcode/GTNW/Shared/Views/SystemsView.swift /Volumes/Data/xcode/GTNW/Shared/Views/WorldMap.swift /Volumes/Data/xcode/GTNW/Shared/Models/HistoricalAdministrations.swift /Volumes/Data/xcode/GTNW/Shared/Views/AdministrationSelectionView.swift /Volumes/Data/xcode/GTNW/Shared/Views/MainTabView.swift /Volumes/Data/xcode/GTNW/Shared/Models/CrisisEvents.swift /Volumes/Data/xcode/GTNW/Shared/Views/CrisisView.swift /Volumes/Data/xcode/GTNW/Shared/Models/ScoringSystem.swift /Volumes/Data/xcode/GTNW/Shared/Models/NewsFeed.swift /Volumes/Data/xcode/GTNW/Shared/Views/VictoryScreen.swift /Volumes/Data/xcode/GTNW/Shared/Views/LeaderboardView.swift /Volumes/Data/xcode/GTNW/Shared/Models/ModernDesignSystem.swift /Volumes/Data/xcode/GTNW/Shared/Views/ModernCommandView.swift /Volumes/Data/xcode/GTNW/Shared/Views/ModernCountryPicker.swift /Volumes/Data/xcode/GTNW/Shared/Views/SimpleModernWorldMap.swift /Volumes/Data/xcode/GTNW/Shared/Models/MLXIntegration.swift /Volumes/Data/xcode/GTNW/Shared/Views/TextCommandInterface.swift /Volumes/Data/xcode/GTNW/Shared/Models/ShadowPresidentActions.swift /Volumes/Data/xcode/GTNW/Shared/Views/ShadowPresidentMenu.swift /Volumes/Data/xcode/GTNW/Shared/Views/UnifiedCommandCenter.swift /Volumes/Data/xcode/GTNW/Shared/Views/MetricsPanel.swift /Volumes/Data/xcode/GTNW/Shared/Views/GTNWGaugeView.swift /Volumes/Data/xcode/GTNW/Shared/Models/GTNWPerformanceMetrics.swift /Volumes/Data/xcode/GTNW/Shared/Models/EnhancedMLXService.swift /Users/kochj/Library/Developer/Xcode/DerivedData/GTNW-fnzdpatdnkirwxcegukxsidntqws/Build/Intermediates.noindex/GTNW.build/Release/GTNW_macOS.build/DerivedSources/GeneratedAssetSymbols.swift -supplementary-output-file-map /Users/kochj/Library/Developer/Xcode/DerivedData/GTNW-fnzdpatdnkirwxcegukxsidntqws/Build/Intermediates.noindex/GTNW.build/Release/GTNW_macOS.build/Objects-normal/arm64/supplementaryOutputs-1 -target arm64-apple-macos13.0 -module-can-import-version AppKit 2685.20.119 2685.20.119 -module-can-import-version DeveloperToolsSupport 23.0.4 23.0.4 -module-can-import-version SwiftUI 7.1.13.1 7.1.13 -load-resolved-plugin /Applications/Xcode.app/Contents/Developer/Platforms/MacOSX.platform/Developer/usr/lib/swift/host/plugins/libFoundationMacros.dylib\#/Applications/Xcode.app/Contents/Developer/Platforms/MacOSX.platform/Developer/usr/bin/swift-plugin-server\#FoundationMacros -load-resolved-plugin /Applications/Xcode.app/Contents/Developer/Platforms/MacOSX.platform/Developer/usr/lib/swift/host/plugins/libObservationMacros.dylib\#/Applications/Xcode.app/Contents/Developer/Platforms/MacOSX.platform/Developer/usr/bin/swift-plugin-server\#ObservationMacros -load-resolved-plugin /Applications/Xcode.app/Contents/Developer/Platforms/MacOSX.platform/Developer/usr/lib/swift/host/plugins/libPreviewsMacros.dylib\#/Applications/Xcode.app/Contents/Developer/Platforms/MacOSX.platform/Developer/usr/bin/swift-plugin-server\#PreviewsMacros -load-resolved-plugin /Applications/Xcode.app/Contents/Developer/Platforms/MacOSX.platform/Developer/usr/lib/swift/host/plugins/libSwiftMacros.dylib\#/Applications/Xcode.app/Contents/Developer/Platforms/MacOSX.platform/Developer/usr/bin/swift-plugin-server\#SwiftMacros -load-resolved-plugin /Applications/Xcode.app/Contents/Developer/Platforms/MacOSX.platform/Developer/usr/lib/swift/host/plugins/libSwiftUIMacros.dylib\#/Applications/Xcode.app/Contents/Developer/Platforms/MacOSX.platform/Developer/usr/bin/swift-plugin-server\#SwiftUIMacros -disable-implicit-swift-modules -Xcc -fno-implicit-modules -Xcc -fno-implicit-module-maps -explicit-swift-module-map-file /Users/kochj/Library/Developer/Xcode/DerivedData/GTNW-fnzdpatdnkirwxcegukxsidntqws/Build/Intermediates.noindex/GTNW.build/Release/GTNW_macOS.build/Objects-normal/arm64/GTNW-dependencies-1.json -Xllvm -aarch64-use-tbi -enable-objc-interop -stack-check -sdk /Applications/Xcode.app/Contents/Developer/Platforms/MacOSX.platform/Developer/SDKs/MacOSX26.1.sdk -I /Users/kochj/Library/Developer/Xcode/DerivedData/GTNW-fnzdpatdnkirwxcegukxsidntqws/Build/Products/Release -F /Users/kochj/Library/Developer/Xcode/DerivedData/GTNW-fnzdpatdnkirwxcegukxsidntqws/Build/Products/Release -no-color-diagnostics -Xcc -fno-color-diagnostics -g -debug-info-format\=dwarf -dwarf-version\=4 -module-cache-path /Users/kochj/Library/Developer/Xcode/DerivedData/GTNW-fnzdpatdnkirwxcegukxsidntqws/Build/Intermediates.noindex/SwiftExplicitPrecompiledModules -swift-version 5 -enforce-exclusivity\=checked -O -serialize-debugging-options -const-gather-protocols-file /Users/kochj/Library/Developer/Xcode/DerivedData/GTNW-fnzdpatdnkirwxcegukxsidntqws/Build/Intermediates.noindex/GTNW.build/Release/GTNW_macOS.build/Objects-normal/arm64/GTNW_macOS_const_extract_protocols.json -enable-experimental-feature DebugDescriptionMacro -enable-bare-slash-regex -empty-abi-descriptor -validate-clang-modules-once -clang-build-session-file /Users/kochj/Library/Developer/Xcode/DerivedData/ModuleCache.noindex/Session.modulevalidation -Xcc -working-directory -Xcc /Volumes/Data/xcode/GTNW -file-compilation-dir /Volumes/Data/xcode/GTNW -Xcc -ivfsstatcache -Xcc /Users/kochj/Library/Developer/Xcode/DerivedData/SDKStatCaches.noindex/macosx26.1-25B74-3ae1261907bdadc328169391a47051a6.sdkstatcache -Xcc -I/Users/kochj/Library/Developer/Xcode/DerivedData/GTNW-fnzdpatdnkirwxcegukxsidntqws/Build/Intermediates.noindex/GTNW.build/Release/GTNW_macOS.build/swift-overrides.hmap -Xcc -iquote -Xcc /Users/kochj/Library/Developer/Xcode/DerivedData/GTNW-fnzdpatdnkirwxcegukxsidntqws/Build/Intermediates.noindex/GTNW.build/Release/GTNW_macOS.build/GTNW-generated-files.hmap -Xcc -I/Users/kochj/Library/Developer/Xcode/DerivedData/GTNW-fnzdpatdnkirwxcegukxsidntqws/Build/Intermediates.noindex/GTNW.build/Release/GTNW_macOS.build/GTNW-own-target-headers.hmap -Xcc -I/Users/kochj/Library/Developer/Xcode/DerivedData/GTNW-fnzdpatdnkirwxcegukxsidntqws/Build/Intermediates.noindex/GTNW.build/Release/GTNW_macOS.build/GTNW-all-target-headers.hmap -Xcc -iquote -Xcc /Users/kochj/Library/Developer/Xcode/DerivedData/GTNW-fnzdpatdnkirwxcegukxsidntqws/Build/Intermediates.noindex/GTNW.build/Release/GTNW_macOS.build/GTNW-project-headers.hmap -Xcc -I/Users/kochj/Library/Developer/Xcode/DerivedData/GTNW-fnzdpatdnkirwxcegukxsidntqws/Build/Products/Release/include -Xcc -I/Users/kochj/Library/Developer/Xcode/DerivedData/GTNW-fnzdpatdnkirwxcegukxsidntqws/Build/Intermediates.noindex/GTNW.build/Release/GTNW_macOS.build/DerivedSources-normal/arm64 -Xcc -I/Users/kochj/Library/Developer/Xcode/DerivedData/GTNW-fnzdpatdnkirwxcegukxsidntqws/Build/Intermediates.noindex/GTNW.build/Release/GTNW_macOS.build/DerivedSources/arm64 -Xcc -I/Users/kochj/Library/Developer/Xcode/DerivedData/GTNW-fnzdpatdnkirwxcegukxsidntqws/Build/Intermediates.noindex/GTNW.build/Release/GTNW_macOS.build/DerivedSources -no-auto-bridging-header-chaining -module-name GTNW -frontend-parseable-output -disable-clang-spi -target-sdk-version 26.1 -target-sdk-name macosx26.1 -clang-target arm64-apple-macos26.1 -in-process-plugin-server-path /Applications/Xcode.app/Contents/Developer/Toolchains/XcodeDefault.xctoolchain/usr/lib/swift/host/libSwiftInProcPluginServer.dylib -enable-default-cmo -num-threads 32 -o /Users/kochj/Library/Developer/Xcode/DerivedData/GTNW-fnzdpatdnkirwxcegukxsidntqws/Build/Intermediates.noindex/GTNW.build/Release/GTNW_macOS.build/Objects-normal/arm64/Advisor.o -o /Users/kochj/Library/Developer/Xcode/DerivedData/GTNW-fnzdpatdnkirwxcegukxsidntqws/Build/Intermediates.noindex/GTNW.build/Release/GTNW_macOS.build/Objects-normal/arm64/AdvisorViews.o -o /Users/kochj/Library/Developer/Xcode/DerivedData/GTNW-fnzdpatdnkirwxcegukxsidntqws/Build/Intermediates.noindex/GTNW.build/Release/GTNW_macOS.build/Objects-normal/arm64/AppSettings.o -o /Users/kochj/Library/Developer/Xcode/DerivedData/GTNW-fnzdpatdnkirwxcegukxsidntqws/Build/Intermediates.noindex/GTNW.build/Release/GTNW_macOS.build/Objects-normal/arm64/CommandView.o -o /Users/kochj/Library/Developer/Xcode/DerivedData/GTNW-fnzdpatdnkirwxcegukxsidntqws/Build/Intermediates.noindex/GTNW.build/Release/GTNW_macOS.build/Objects-normal/arm64/ContentView.o -o /Users/kochj/Library/Developer/Xcode/DerivedData/GTNW-fnzdpatdnkirwxcegukxsidntqws/Build/Intermediates.noindex/GTNW.build/Release/GTNW_macOS.build/Objects-normal/arm64/Country.o -o /Users/kochj/Library/Developer/Xcode/DerivedData/GTNW-fnzdpatdnkirwxcegukxsidntqws/Build/Intermediates.noindex/GTNW.build/Release/GTNW_macOS.build/Objects-normal/arm64/CyberWarfare.o -o /Users/kochj/Library/Developer/Xcode/DerivedData/GTNW-fnzdpatdnkirwxcegukxsidntqws/Build/Intermediates.noindex/GTNW.build/Release/GTNW_macOS.build/Objects-normal/arm64/GameEngine.o -o /Users/kochj/Library/Developer/Xcode/DerivedData/GTNW-fnzdpatdnkirwxcegukxsidntqws/Build/Intermediates.noindex/GTNW.build/Release/GTNW_macOS.build/Objects-normal/arm64/GameState.o -o /Users/kochj/Library/Developer/Xcode/DerivedData/GTNW-fnzdpatdnkirwxcegukxsidntqws/Build/Intermediates.noindex/GTNW.build/Release/GTNW_macOS.build/Objects-normal/arm64/GameSystems.o -o /Users/kochj/Library/Developer/Xcode/DerivedData/GTNW-fnzdpatdnkirwxcegukxsidntqws/Build/Intermediates.noindex/GTNW.build/Release/GTNW_macOS.build/Objects-normal/arm64/GlobalThermalNuclearWarApp.o -o /Users/kochj/Library/Developer/Xcode/DerivedData/GTNW-fnzdpatdnkirwxcegukxsidntqws/Build/Intermediates.noindex/GTNW.build/Release/GTNW_macOS.build/Objects-normal/arm64/ProhibitedWeapons.o -o /Users/kochj/Library/Developer/Xcode/DerivedData/GTNW-fnzdpatdnkirwxcegukxsidntqws/Build/Intermediates.noindex/GTNW.build/Release/GTNW_macOS.build/Objects-normal/arm64/SystemsView.o -o /Users/kochj/Library/Developer/Xcode/DerivedData/GTNW-fnzdpatdnkirwxcegukxsidntqws/Build/Intermediates.noindex/GTNW.build/Release/GTNW_macOS.build/Objects-normal/arm64/WorldMap.o -o /Users/kochj/Library/Developer/Xcode/DerivedData/GTNW-fnzdpatdnkirwxcegukxsidntqws/Build/Intermediates.noindex/GTNW.build/Release/GTNW_macOS.build/Objects-normal/arm64/HistoricalAdministrations.o -o /Users/kochj/Library/Developer/Xcode/DerivedData/GTNW-fnzdpatdnkirwxcegukxsidntqws/Build/Intermediates.noindex/GTNW.build/Release/GTNW_macOS.build/Objects-normal/arm64/AdministrationSelectionView.o -o /Users/kochj/Library/Developer/Xcode/DerivedData/GTNW-fnzdpatdnkirwxcegukxsidntqws/Build/Intermediates.noindex/GTNW.build/Release/GTNW_macOS.build/Objects-normal/arm64/MainTabView.o -o /Users/kochj/Library/Developer/Xcode/DerivedData/GTNW-fnzdpatdnkirwxcegukxsidntqws/Build/Intermediates.noindex/GTNW.build/Release/GTNW_macOS.build/Objects-normal/arm64/CrisisEvents.o -o /Users/kochj/Library/Developer/Xcode/DerivedData/GTNW-fnzdpatdnkirwxcegukxsidntqws/Build/Intermediates.noindex/GTNW.build/Release/GTNW_macOS.build/Objects-normal/arm64/CrisisView.o -o /Users/kochj/Library/Developer/Xcode/DerivedData/GTNW-fnzdpatdnkirwxcegukxsidntqws/Build/Intermediates.noindex/GTNW.build/Release/GTNW_macOS.build/Objects-normal/arm64/ScoringSystem.o -o /Users/kochj/Library/Developer/Xcode/DerivedData/GTNW-fnzdpatdnkirwxcegukxsidntqws/Build/Intermediates.noindex/GTNW.build/Release/GTNW_macOS.build/Objects-normal/arm64/NewsFeed.o -o /Users/kochj/Library/Developer/Xcode/DerivedData/GTNW-fnzdpatdnkirwxcegukxsidntqws/Build/Intermediates.noindex/GTNW.build/Release/GTNW_macOS.build/Objects-normal/arm64/VictoryScreen.o -o /Users/kochj/Library/Developer/Xcode/DerivedData/GTNW-fnzdpatdnkirwxcegukxsidntqws/Build/Intermediates.noindex/GTNW.build/Release/GTNW_macOS.build/Objects-normal/arm64/LeaderboardView.o -o /Users/kochj/Library/Developer/Xcode/DerivedData/GTNW-fnzdpatdnkirwxcegukxsidntqws/Build/Intermediates.noindex/GTNW.build/Release/GTNW_macOS.build/Objects-normal/arm64/ModernDesignSystem.o -o /Users/kochj/Library/Developer/Xcode/DerivedData/GTNW-fnzdpatdnkirwxcegukxsidntqws/Build/Intermediates.noindex/GTNW.build/Release/GTNW_macOS.build/Objects-normal/arm64/ModernCommandView.o -o /Users/kochj/Library/Developer/Xcode/DerivedData/GTNW-fnzdpatdnkirwxcegukxsidntqws/Build/Intermediates.noindex/GTNW.build/Release/GTNW_macOS.build/Objects-normal/arm64/ModernCountryPicker.o -o /Users/kochj/Library/Developer/Xcode/DerivedData/GTNW-fnzdpatdnkirwxcegukxsidntqws/Build/Intermediates.noindex/GTNW.build/Release/GTNW_macOS.build/Objects-normal/arm64/SimpleModernWorldMap.o -o /Users/kochj/Library/Developer/Xcode/DerivedData/GTNW-fnzdpatdnkirwxcegukxsidntqws/Build/Intermediates.noindex/GTNW.build/Release/GTNW_macOS.build/Objects-normal/arm64/MLXIntegration.o -o /Users/kochj/Library/Developer/Xcode/DerivedData/GTNW-fnzdpatdnkirwxcegukxsidntqws/Build/Intermediates.noindex/GTNW.build/Release/GTNW_macOS.build/Objects-normal/arm64/TextCommandInterface.o -o /Users/kochj/Library/Developer/Xcode/DerivedData/GTNW-fnzdpatdnkirwxcegukxsidntqws/Build/Intermediates.noindex/GTNW.build/Release/GTNW_macOS.build/Objects-normal/arm64/ShadowPresidentActions.o -o /Users/kochj/Library/Developer/Xcode/DerivedData/GTNW-fnzdpatdnkirwxcegukxsidntqws/Build/Intermediates.noindex/GTNW.build/Release/GTNW_macOS.build/Objects-normal/arm64/ShadowPresidentMenu.o -o /Users/kochj/Library/Developer/Xcode/DerivedData/GTNW-fnzdpatdnkirwxcegukxsidntqws/Build/Intermediates.noindex/GTNW.build/Release/GTNW_macOS.build/Objects-normal/arm64/UnifiedCommandCenter.o -o /Users/kochj/Library/Developer/Xcode/DerivedData/GTNW-fnzdpatdnkirwxcegukxsidntqws/Build/Intermediates.noindex/GTNW.build/Release/GTNW_macOS.build/Objects-normal/arm64/MetricsPanel.o -o /Users/kochj/Library/Developer/Xcode/DerivedData/GTNW-fnzdpatdnkirwxcegukxsidntqws/Build/Intermediates.noindex/GTNW.build/Release/GTNW_macOS.build/Objects-normal/arm64/GTNWGaugeView.o -o /Users/kochj/Library/Developer/Xcode/DerivedData/GTNW-fnzdpatdnkirwxcegukxsidntqws/Build/Intermediates.noindex/GTNW.build/Release/GTNW_macOS.build/Objects-normal/arm64/GTNWPerformanceMetrics.o -o /Users/kochj/Library/Developer/Xcode/DerivedData/GTNW-fnzdpatdnkirwxcegukxsidntqws/Build/Intermediates.noindex/GTNW.build/Release/GTNW_macOS.build/Objects-normal/arm64/EnhancedMLXService.o -o /Users/kochj/Library/Developer/Xcode/DerivedData/GTNW-fnzdpatdnkirwxcegukxsidntqws/Build/Intermediates.noindex/GTNW.build/Release/GTNW_macOS.build/Objects-normal/arm64/GeneratedAssetSymbols.o -index-unit-output-path /GTNW.build/Release/GTNW_macOS.build/Objects-normal/arm64/Advisor.o -index-unit-output-path /GTNW.build/Release/GTNW_macOS.build/Objects-normal/arm64/AdvisorViews.o -index-unit-output-path /GTNW.build/Release/GTNW_macOS.build/Objects-normal/arm64/AppSettings.o -index-unit-output-path /GTNW.build/Release/GTNW_macOS.build/Objects-normal/arm64/CommandView.o -index-unit-output-path /GTNW.build/Release/GTNW_macOS.build/Objects-normal/arm64/ContentView.o -index-unit-output-path /GTNW.build/Release/GTNW_macOS.build/Objects-normal/arm64/Country.o -index-unit-output-path /GTNW.build/Release/GTNW_macOS.build/Objects-normal/arm64/CyberWarfare.o -index-unit-output-path /GTNW.build/Release/GTNW_macOS.build/Objects-normal/arm64/GameEngine.o -index-unit-output-path /GTNW.build/Release/GTNW_macOS.build/Objects-normal/arm64/GameState.o -index-unit-output-path /GTNW.build/Release/GTNW_macOS.build/Objects-normal/arm64/GameSystems.o -index-unit-output-path /GTNW.build/Release/GTNW_macOS.build/Objects-normal/arm64/GlobalThermalNuclearWarApp.o -index-unit-output-path /GTNW.build/Release/GTNW_macOS.build/Objects-normal/arm64/ProhibitedWeapons.o -index-unit-output-path /GTNW.build/Release/GTNW_macOS.build/Objects-normal/arm64/SystemsView.o -index-unit-output-path /GTNW.build/Release/GTNW_macOS.build/Objects-normal/arm64/WorldMap.o -index-unit-output-path /GTNW.build/Release/GTNW_macOS.build/Objects-normal/arm64/HistoricalAdministrations.o -index-unit-output-path /GTNW.build/Release/GTNW_macOS.build/Objects-normal/arm64/AdministrationSelectionView.o -index-unit-output-path /GTNW.build/Release/GTNW_macOS.build/Objects-normal/arm64/MainTabView.o -index-unit-output-path /GTNW.build/Release/GTNW_macOS.build/Objects-normal/arm64/CrisisEvents.o -index-unit-output-path /GTNW.build/Release/GTNW_macOS.build/Objects-normal/arm64/CrisisView.o -index-unit-output-path /GTNW.build/Release/GTNW_macOS.build/Objects-normal/arm64/ScoringSystem.o -index-unit-output-path /GTNW.build/Release/GTNW_macOS.build/Objects-normal/arm64/NewsFeed.o -index-unit-output-path /GTNW.build/Release/GTNW_macOS.build/Objects-normal/arm64/VictoryScreen.o -index-unit-output-path /GTNW.build/Release/GTNW_macOS.build/Objects-normal/arm64/LeaderboardView.o -index-unit-output-path /GTNW.build/Release/GTNW_macOS.build/Objects-normal/arm64/ModernDesignSystem.o -index-unit-output-path /GTNW.build/Release/GTNW_macOS.build/Objects-normal/arm64/ModernCommandView.o -index-unit-output-path /GTNW.build/Release/GTNW_macOS.build/Objects-normal/arm64/ModernCountryPicker.o -index-unit-output-path /GTNW.build/Release/GTNW_macOS.build/Objects-normal/arm64/SimpleModernWorldMap.o -index-unit-output-path /GTNW.build/Release/GTNW_macOS.build/Objects-normal/arm64/MLXIntegration.o -index-unit-output-path /GTNW.build/Release/GTNW_macOS.build/Objects-normal/arm64/TextCommandInterface.o -index-unit-output-path /GTNW.build/Release/GTNW_macOS.build/Objects-normal/arm64/ShadowPresidentActions.o -index-unit-output-path /GTNW.build/Release/GTNW_macOS.build/Objects-normal/arm64/ShadowPresidentMenu.o -index-unit-output-path /GTNW.build/Release/GTNW_macOS.build/Objects-normal/arm64/UnifiedCommandCenter.o -index-unit-output-path /GTNW.build/Release/GTNW_macOS.build/Objects-normal/arm64/MetricsPanel.o -index-unit-output-path /GTNW.build/Release/GTNW_macOS.build/Objects-normal/arm64/GTNWGaugeView.o -index-unit-output-path /GTNW.build/Release/GTNW_macOS.build/Objects-normal/arm64/GTNWPerformanceMetrics.o -index-unit-output-path /GTNW.build/Release/GTNW_macOS.build/Objects-normal/arm64/EnhancedMLXService.o -index-unit-output-path /GTNW.build/Release/GTNW_macOS.build/Objects-normal/arm64/GeneratedAssetSymbols.o
LinkAssetCatalog /Volumes/Data/xcode/GTNW/Shared/Assets.xcassets (in target 'GTNW_macOS' from project 'GTNW')
    cd /Volumes/Data/xcode/GTNW
    builtin-linkAssetCatalog --thinned /Users/kochj/Library/Developer/Xcode/DerivedData/GTNW-fnzdpatdnkirwxcegukxsidntqws/Build/Intermediates.noindex/GTNW.build/Release/GTNW_macOS.build/assetcatalog_output/thinned --thinned-dependencies /Users/kochj/Library/Developer/Xcode/DerivedData/GTNW-fnzdpatdnkirwxcegukxsidntqws/Build/Intermediates.noindex/GTNW.build/Release/GTNW_macOS.build/assetcatalog_dependencies_thinned --thinned-info-plist-content /Users/kochj/Library/Developer/Xcode/DerivedData/GTNW-fnzdpatdnkirwxcegukxsidntqws/Build/Intermediates.noindex/GTNW.build/Release/GTNW_macOS.build/assetcatalog_generated_info.plist_thinned --unthinned /Users/kochj/Library/Developer/Xcode/DerivedData/GTNW-fnzdpatdnkirwxcegukxsidntqws/Build/Intermediates.noindex/GTNW.build/Release/GTNW_macOS.build/assetcatalog_output/unthinned --unthinned-dependencies /Users/kochj/Library/Developer/Xcode/DerivedData/GTNW-fnzdpatdnkirwxcegukxsidntqws/Build/Intermediates.noindex/GTNW.build/Release/GTNW_macOS.build/assetcatalog_dependencies_unthinned --unthinned-info-plist-content /Users/kochj/Library/Developer/Xcode/DerivedData/GTNW-fnzdpatdnkirwxcegukxsidntqws/Build/Intermediates.noindex/GTNW.build/Release/GTNW_macOS.build/assetcatalog_generated_info.plist_unthinned --output /Users/kochj/Library/Developer/Xcode/DerivedData/GTNW-fnzdpatdnkirwxcegukxsidntqws/Build/Products/Release/GTNW.app/Contents/Resources --plist-output /Users/kochj/Library/Developer/Xcode/DerivedData/GTNW-fnzdpatdnkirwxcegukxsidntqws/Build/Intermediates.noindex/GTNW.build/Release/GTNW_macOS.build/assetcatalog_generated_info.plist
note: Emplaced /Users/kochj/Library/Developer/Xcode/DerivedData/GTNW-fnzdpatdnkirwxcegukxsidntqws/Build/Products/Release/GTNW.app/Contents/Resources/Assets.car (in target 'GTNW_macOS' from project 'GTNW')
note: Emplaced /Users/kochj/Library/Developer/Xcode/DerivedData/GTNW-fnzdpatdnkirwxcegukxsidntqws/Build/Products/Release/GTNW.app/Contents/Resources/AppIcon.icns (in target 'GTNW_macOS' from project 'GTNW')

ProcessInfoPlistFile /Users/kochj/Library/Developer/Xcode/DerivedData/GTNW-fnzdpatdnkirwxcegukxsidntqws/Build/Products/Release/GTNW.app/Contents/Info.plist /Volumes/Data/xcode/GTNW/Shared/Info.plist (in target 'GTNW_macOS' from project 'GTNW')
    cd /Volumes/Data/xcode/GTNW
    builtin-infoPlistUtility /Volumes/Data/xcode/GTNW/Shared/Info.plist -producttype com.apple.product-type.application -genpkginfo /Users/kochj/Library/Developer/Xcode/DerivedData/GTNW-fnzdpatdnkirwxcegukxsidntqws/Build/Products/Release/GTNW.app/Contents/PkgInfo -expandbuildsettings -platform macosx -additionalcontentfile /Users/kochj/Library/Developer/Xcode/DerivedData/GTNW-fnzdpatdnkirwxcegukxsidntqws/Build/Intermediates.noindex/GTNW.build/Release/GTNW_macOS.build/assetcatalog_generated_info.plist -o /Users/kochj/Library/Developer/Xcode/DerivedData/GTNW-fnzdpatdnkirwxcegukxsidntqws/Build/Products/Release/GTNW.app/Contents/Info.plist

** BUILD FAILED **


The following build commands failed:
	CompileSwift normal arm64 (in target 'GTNW_macOS' from project 'GTNW')
	SwiftCompile normal arm64 Compiling\ Advisor.swift,\ AdvisorViews.swift,\ AppSettings.swift,\ CommandView.swift,\ ContentView.swift,\ Country.swift,\ CyberWarfare.swift,\ GameEngine.swift,\ GameState.swift,\ GameSystems.swift,\ GlobalThermalNuclearWarApp.swift,\ ProhibitedWeapons.swift,\ SystemsView.swift,\ WorldMap.swift,\ HistoricalAdministrations.swift,\ AdministrationSelectionView.swift,\ MainTabView.swift,\ CrisisEvents.swift,\ CrisisView.swift,\ ScoringSystem.swift,\ NewsFeed.swift,\ VictoryScreen.swift,\ LeaderboardView.swift,\ ModernDesignSystem.swift,\ ModernCommandView.swift,\ ModernCountryPicker.swift,\ SimpleModernWorldMap.swift,\ MLXIntegration.swift,\ TextCommandInterface.swift,\ ShadowPresidentActions.swift,\ ShadowPresidentMenu.swift,\ UnifiedCommandCenter.swift,\ MetricsPanel.swift,\ GTNWGaugeView.swift,\ GTNWPerformanceMetrics.swift,\ EnhancedMLXService.swift,\ GeneratedAssetSymbols.swift /Volumes/Data/xcode/GTNW/Shared/Models/Advisor.swift /Volumes/Data/xcode/GTNW/Shared/Views/AdvisorViews.swift /Volumes/Data/xcode/GTNW/Shared/Models/AppSettings.swift /Volumes/Data/xcode/GTNW/Shared/Views/CommandView.swift /Volumes/Data/xcode/GTNW/Shared/Views/ContentView.swift /Volumes/Data/xcode/GTNW/Shared/Models/Country.swift /Volumes/Data/xcode/GTNW/Shared/Models/CyberWarfare.swift /Volumes/Data/xcode/GTNW/Shared/Engine/GameEngine.swift /Volumes/Data/xcode/GTNW/Shared/Models/GameState.swift /Volumes/Data/xcode/GTNW/Shared/Models/GameSystems.swift /Volumes/Data/xcode/GTNW/Shared/GlobalThermalNuclearWarApp.swift /Volumes/Data/xcode/GTNW/Shared/Models/ProhibitedWeapons.swift /Volumes/Data/xcode/GTNW/Shared/Views/SystemsView.swift /Volumes/Data/xcode/GTNW/Shared/Views/WorldMap.swift /Volumes/Data/xcode/GTNW/Shared/Models/HistoricalAdministrations.swift /Volumes/Data/xcode/GTNW/Shared/Views/AdministrationSelectionView.swift /Volumes/Data/xcode/GTNW/Shared/Views/MainTabView.swift /Volumes/Data/xcode/GTNW/Shared/Models/CrisisEvents.swift /Volumes/Data/xcode/GTNW/Shared/Views/CrisisView.swift /Volumes/Data/xcode/GTNW/Shared/Models/ScoringSystem.swift /Volumes/Data/xcode/GTNW/Shared/Models/NewsFeed.swift /Volumes/Data/xcode/GTNW/Shared/Views/VictoryScreen.swift /Volumes/Data/xcode/GTNW/Shared/Views/LeaderboardView.swift /Volumes/Data/xcode/GTNW/Shared/Models/ModernDesignSystem.swift /Volumes/Data/xcode/GTNW/Shared/Views/ModernCommandView.swift /Volumes/Data/xcode/GTNW/Shared/Views/ModernCountryPicker.swift /Volumes/Data/xcode/GTNW/Shared/Views/SimpleModernWorldMap.swift /Volumes/Data/xcode/GTNW/Shared/Models/MLXIntegration.swift /Volumes/Data/xcode/GTNW/Shared/Views/TextCommandInterface.swift /Volumes/Data/xcode/GTNW/Shared/Models/ShadowPresidentActions.swift /Volumes/Data/xcode/GTNW/Shared/Views/ShadowPresidentMenu.swift /Volumes/Data/xcode/GTNW/Shared/Views/UnifiedCommandCenter.swift /Volumes/Data/xcode/GTNW/Shared/Views/MetricsPanel.swift /Volumes/Data/xcode/GTNW/Shared/Views/GTNWGaugeView.swift /Volumes/Data/xcode/GTNW/Shared/Models/GTNWPerformanceMetrics.swift /Volumes/Data/xcode/GTNW/Shared/Models/EnhancedMLXService.swift /Users/kochj/Library/Developer/Xcode/DerivedData/GTNW-fnzdpatdnkirwxcegukxsidntqws/Build/Intermediates.noindex/GTNW.build/Release/GTNW_macOS.build/DerivedSources/GeneratedAssetSymbols.swift /Applications/Xcode.app/Contents/Developer/Toolchains/XcodeDefault.xctoolchain/usr/lib/swift/macosx/prebuilt-modules/26.1/_Builtin_float.swiftmodule/arm64e-apple-macos.swiftmodule /Applications/Xcode.app/Contents/Developer/Toolchains/XcodeDefault.xctoolchain/usr/lib/swift/macosx/prebuilt-modules/26.1/SwiftUICore.swiftmodule/arm64e-apple-macos.swiftmodule /Applications/Xcode.app/Contents/Developer/Toolchains/XcodeDefault.xctoolchain/usr/lib/swift/macosx/prebuilt-modules/26.1/_DarwinFoundation3.swiftmodule/arm64e-apple-macos.swiftmodule /Applications/Xcode.app/Contents/Developer/Toolchains/XcodeDefault.xctoolchain/usr/lib/swift/macosx/prebuilt-modules/26.1/CoreGraphics.swiftmodule/arm64e-apple-macos.swiftmodule /Applications/Xcode.app/Contents/Developer/Toolchains/XcodeDefault.xctoolchain/usr/lib/swift/macosx/prebuilt-modules/26.1/Symbols.swiftmodule/arm64e-apple-macos.swiftmodule /Applications/Xcode.app/Contents/Developer/Toolchains/XcodeDefault.xctoolchain/usr/lib/swift/macosx/prebuilt-modules/26.1/_StringProcessing.swiftmodule/arm64e-apple-macos.swiftmodule /Applications/Xcode.app/Contents/Developer/Toolchains/XcodeDefault.xctoolchain/usr/lib/swift/macosx/prebuilt-modules/26.1/XPC.swiftmodule/arm64e-apple-macos.swiftmodule /Applications/Xcode.app/Contents/Developer/Toolchains/XcodeDefault.xctoolchain/usr/lib/swift/macosx/prebuilt-modules/26.1/_DarwinFoundation1.swiftmodule/arm64e-apple-macos.swiftmodule /Applications/Xcode.app/Contents/Developer/Toolchains/XcodeDefault.xctoolchain/usr/lib/swift/macosx/prebuilt-modules/26.1/os.swiftmodule/arm64e-apple-macos.swiftmodule /Applications/Xcode.app/Contents/Developer/Toolchains/XcodeDefault.xctoolchain/usr/lib/swift/macosx/prebuilt-modules/26.1/CoreData.swiftmodule/arm64e-apple-macos.swiftmodule /Applications/Xcode.app/Contents/Developer/Toolchains/XcodeDefault.xctoolchain/usr/lib/swift/macosx/prebuilt-modules/26.1/Metal.swiftmodule/arm64e-apple-macos.swiftmodule /Applications/Xcode.app/Contents/Developer/Toolchains/XcodeDefault.xctoolchain/usr/lib/swift/macosx/prebuilt-modules/26.1/CoreVideo.swiftmodule/arm64e-apple-macos.swiftmodule /Applications/Xcode.app/Contents/Developer/Toolchains/XcodeDefault.xctoolchain/usr/lib/swift/macosx/prebuilt-modules/26.1/System.swiftmodule/arm64e-apple-macos.swiftmodule /Applications/Xcode.app/Contents/Developer/Toolchains/XcodeDefault.xctoolchain/usr/lib/swift/macosx/prebuilt-modules/26.1/ObjectiveC.swiftmodule/arm64e-apple-macos.swiftmodule /Applications/Xcode.app/Contents/Developer/Toolchains/XcodeDefault.xctoolchain/usr/lib/swift/macosx/prebuilt-modules/26.1/AppKit.swiftmodule/arm64e-apple-macos.swiftmodule /Applications/Xcode.app/Contents/Developer/Toolchains/XcodeDefault.xctoolchain/usr/lib/swift/macosx/prebuilt-modules/26.1/Observation.swiftmodule/arm64e-apple-macos.swiftmodule /Applications/Xcode.app/Contents/Developer/Toolchains/XcodeDefault.xctoolchain/usr/lib/swift/macosx/prebuilt-modules/26.1/OSLog.swiftmodule/arm64e-apple-macos.swiftmodule /Applications/Xcode.app/Contents/Developer/Toolchains/XcodeDefault.xctoolchain/usr/lib/swift/macosx/prebuilt-modules/26.1/CoreFoundation.swiftmodule/arm64e-apple-macos.swiftmodule /Applications/Xcode.app/Contents/Developer/Toolchains/XcodeDefault.xctoolchain/usr/lib/swift/macosx/prebuilt-modules/26.1/Foundation.swiftmodule/arm64e-apple-macos.swiftmodule /Applications/Xcode.app/Contents/Developer/Toolchains/XcodeDefault.xctoolchain/usr/lib/swift/macosx/prebuilt-modules/26.1/QuartzCore.swiftmodule/arm64e-apple-macos.swiftmodule /Applications/Xcode.app/Contents/Developer/Toolchains/XcodeDefault.xctoolchain/usr/lib/swift/macosx/prebuilt-modules/26.1/_DarwinFoundation2.swiftmodule/arm64e-apple-macos.swiftmodule /Applications/Xcode.app/Contents/Developer/Toolchains/XcodeDefault.xctoolchain/usr/lib/swift/macosx/prebuilt-modules/26.1/CoreImage.swiftmodule/arm64e-apple-macos.swiftmodule /Applications/Xcode.app/Contents/Developer/Toolchains/XcodeDefault.xctoolchain/usr/lib/swift/macosx/prebuilt-modules/26.1/SwiftUI.swiftmodule/arm64e-apple-macos.swiftmodule /Applications/Xcode.app/Contents/Developer/Toolchains/XcodeDefault.xctoolchain/usr/lib/swift/macosx/prebuilt-modules/26.1/DataDetection.swiftmodule/arm64e-apple-macos.swiftmodule /Applications/Xcode.app/Contents/Developer/Toolchains/XcodeDefault.xctoolchain/usr/lib/swift/macosx/prebuilt-modules/26.1/Darwin.swiftmodule/arm64e-apple-macos.swiftmodule /Applications/Xcode.app/Contents/Developer/Toolchains/XcodeDefault.xctoolchain/usr/lib/swift/macosx/prebuilt-modules/26.1/Accessibility.swiftmodule/arm64e-apple-macos.swiftmodule /Applications/Xcode.app/Contents/Developer/Toolchains/XcodeDefault.xctoolchain/usr/lib/swift/macosx/prebuilt-modules/26.1/Combine.swiftmodule/arm64e-apple-macos.swiftmodule /Applications/Xcode.app/Contents/Developer/Toolchains/XcodeDefault.xctoolchain/usr/lib/swift/macosx/prebuilt-modules/26.1/Dispatch.swiftmodule/arm64e-apple-macos.swiftmodule /Applications/Xcode.app/Contents/Developer/Toolchains/XcodeDefault.xctoolchain/usr/lib/swift/macosx/prebuilt-modules/26.1/simd.swiftmodule/arm64e-apple-macos.swiftmodule /Applications/Xcode.app/Contents/Developer/Toolchains/XcodeDefault.xctoolchain/usr/lib/swift/macosx/prebuilt-modules/26.1/CoreTransferable.swiftmodule/arm64e-apple-macos.swiftmodule /Applications/Xcode.app/Contents/Developer/Toolchains/XcodeDefault.xctoolchain/usr/lib/swift/macosx/prebuilt-modules/26.1/CoreText.swiftmodule/arm64e-apple-macos.swiftmodule /Applications/Xcode.app/Contents/Developer/Toolchains/XcodeDefault.xctoolchain/usr/lib/swift/macosx/prebuilt-modules/26.1/Swift.swiftmodule/arm64e-apple-macos.swiftmodule /Applications/Xcode.app/Contents/Developer/Toolchains/XcodeDefault.xctoolchain/usr/lib/swift/macosx/prebuilt-modules/26.1/IOKit.swiftmodule/arm64e-apple-macos.swiftmodule /Applications/Xcode.app/Contents/Developer/Toolchains/XcodeDefault.xctoolchain/usr/lib/swift/macosx/prebuilt-modules/26.1/Spatial.swiftmodule/arm64e-apple-macos.swiftmodule /Applications/Xcode.app/Contents/Developer/Toolchains/XcodeDefault.xctoolchain/usr/lib/swift/macosx/prebuilt-modules/26.1/_Concurrency.swiftmodule/arm64e-apple-macos.swiftmodule /Applications/Xcode.app/Contents/Developer/Toolchains/XcodeDefault.xctoolchain/usr/lib/swift/macosx/prebuilt-modules/26.1/DeveloperToolsSupport.swiftmodule/arm64e-apple-macos.swiftmodule /Applications/Xcode.app/Contents/Developer/Toolchains/XcodeDefault.xctoolchain/usr/lib/swift/macosx/prebuilt-modules/26.1/UniformTypeIdentifiers.swiftmodule/arm64e-apple-macos.swiftmodule /Users/kochj/Library/Developer/Xcode/DerivedData/ModuleCache.noindex/Darwin-ALAIYXFNVZ22QJO1ETN836QAB.pcm /Users/kochj/Library/Developer/Xcode/DerivedData/ModuleCache.noindex/CoreGraphics-57H9IX0Q9A53QRZFD16T9ZLDT.pcm /Users/kochj/Library/Developer/Xcode/DerivedData/ModuleCache.noindex/ptrauth-6CMM71NUWWTPI98R9U9NIEF4F.pcm /Users/kochj/Library/Developer/Xcode/DerivedData/ModuleCache.noindex/CoreTransferable-AQ3IGZV4ML4ANCHHV0X8B26ML.pcm /Users/kochj/Library/Developer/Xcode/DerivedData/ModuleCache.noindex/_Builtin_stdarg-9SGZF1OA9FP9QWSCSNOCWXWO.pcm /Users/kochj/Library/Developer/Xcode/DerivedData/ModuleCache.noindex/os_workgroup-3YIB0DFBM3CLZUFCARTBXMB6B.pcm /Users/kochj/Library/Developer/Xcode/DerivedData/ModuleCache.noindex/OpenGL-A965GFC3NFJEJEQTH8W8G4INP.pcm /Users/kochj/Library/Developer/Xcode/DerivedData/ModuleCache.noindex/_AvailabilityInternal-9AKGBV4AG4O2OGN6D9SQ8BEVT.pcm /Users/kochj/Library/Developer/Xcode/DerivedData/ModuleCache.noindex/_Builtin_intrinsics-286XKRW4DVGKMZKWLJNL5NBLN.pcm /Users/kochj/Library/Developer/Xcode/DerivedData/ModuleCache.noindex/libDER-ALPH3A9U5XG4RHWVVKP73OWFJ.pcm /Users/kochj/Library/Developer/Xcode/DerivedData/ModuleCache.noindex/IOKit-DY4DEVNALIP3B26L3SOHEGLPI.pcm /Users/kochj/Library/Developer/Xcode/DerivedData/ModuleCache.noindex/_Builtin_stddef-6QS14G71D4OZHW7LFUQQZHCXE.pcm /Users/kochj/Library/Developer/Xcode/DerivedData/ModuleCache.noindex/DeveloperToolsSupport-6US6BYTL9W86H06D3SH48JNZK.pcm /Users/kochj/Library/Developer/Xcode/DerivedData/ModuleCache.noindex/UniformTypeIdentifiers-9GBY715E2A06F26YAZT9IJ0AK.pcm /Users/kochj/Library/Developer/Xcode/DerivedData/ModuleCache.noindex/CUPS-9GOS37HYDIJMFDGHCAVN6HASA.pcm /Users/kochj/Library/Developer/Xcode/DerivedData/ModuleCache.noindex/DataDetection-7N0K8B5ZMKJ171DF6F6A3XYNY.pcm /Users/kochj/Library/Developer/Xcode/DerivedData/ModuleCache.noindex/_Builtin_inttypes-BQWVYJKSC4AEWATIJYKOALTBY.pcm /Users/kochj/Library/Developer/Xcode/DerivedData/ModuleCache.noindex/IOSurface-8Q4C7AXYQW2MG0X8ZBV6AKXG5.pcm /Users/kochj/Library/Developer/Xcode/DerivedData/ModuleCache.noindex/SwiftUI-AMZDCS7EP96CFAB2QIYEV0AGR.pcm /Users/kochj/Library/Developer/Xcode/DerivedData/ModuleCache.noindex/CoreVideo-DFK3JPETZ100TWLJ4712MSM2V.pcm /Users/kochj/Library/Developer/Xcode/DerivedData/ModuleCache.noindex/AppKit-DG6D2S9XLUQWHC5U29GMHSP2.pcm /Users/kochj/Library/Developer/Xcode/DerivedData/ModuleCache.noindex/ImageIO-6JPO58FCAG7WB43WKCV02YZ37.pcm /Users/kochj/Library/Developer/Xcode/DerivedData/ModuleCache.noindex/libkern-D6ZQY1TLV5PSG8RFCT9TXDXY9.pcm /Users/kochj/Library/Developer/Xcode/DerivedData/ModuleCache.noindex/launch-CDL95EU34JF00NP05VXZJKN7I.pcm /Users/kochj/Library/Developer/Xcode/DerivedData/ModuleCache.noindex/simd-5HP53T5RJOA48T42SLL0ASBI6.pcm /Users/kochj/Library/Developer/Xcode/DerivedData/ModuleCache.noindex/ptrcheck-8GSFZNBZB04KFUF8EJPL1NF7L.pcm /Users/kochj/Library/Developer/Xcode/DerivedData/ModuleCache.noindex/_SwiftConcurrencyShims-CZXX6TWXB624CC6GUB8JOXZE9.pcm /Users/kochj/Library/Developer/Xcode/DerivedData/ModuleCache.noindex/os-6YTDN62OSF3415N5PJBT12640.pcm /Users/kochj/Library/Developer/Xcode/DerivedData/ModuleCache.noindex/Dispatch-8FU60GGPGTMP6WFGKC9XSVFPG.pcm /Users/kochj/Library/Developer/Xcode/DerivedData/ModuleCache.noindex/CoreImage-2PQ2XFX9UJLVLSTTJYFIGTGV5.pcm /Users/kochj/Library/Developer/Xcode/DerivedData/ModuleCache.noindex/Metal-2A4TZL5UJ6YK0A1JHY65HOKD5.pcm /Users/kochj/Library/Developer/Xcode/DerivedData/ModuleCache.noindex/ColorSync-7YIXNGJS26NPN6S8NZ03QBCSQ.pcm /Users/kochj/Library/Developer/Xcode/DerivedData/ModuleCache.noindex/CoreText-9P95B2WCYN5ZGBT991H8AFYGU.pcm /Users/kochj/Library/Developer/Xcode/DerivedData/ModuleCache.noindex/ObjectiveC-872CVMW3YFCHKKXWC6ITHPKJT.pcm /Users/kochj/Library/Developer/Xcode/DerivedData/ModuleCache.noindex/_DarwinFoundation3-CHN8YHKRPQUCN6C3DQ7U87JPU.pcm /Users/kochj/Library/Developer/Xcode/DerivedData/ModuleCache.noindex/_Builtin_stdbool-DYUZNTCBWIKQEI0F1A85FWVXK.pcm /Users/kochj/Library/Developer/Xcode/DerivedData/ModuleCache.noindex/DiskArbitration-92TAB3BU2OOAWQUAPLN4DFL8T.pcm /Users/kochj/Library/Developer/Xcode/DerivedData/ModuleCache.noindex/XPC-6SAKZOMZCU456ARFTCVHYY2A8.pcm /Users/kochj/Library/Developer/Xcode/DerivedData/ModuleCache.noindex/_DarwinFoundation2-9ZH7ZH5WUDX9HUTCSKTJE1M4V.pcm /Users/kochj/Library/Developer/Xcode/DerivedData/ModuleCache.noindex/CoreData-4TP65JQ0M61LFPJRJCFW6J2OT.pcm /Users/kochj/Library/Developer/Xcode/DerivedData/ModuleCache.noindex/ApplicationServices-8SXM15BIRKS9A78MRQQ8PM8J1.pcm /Users/kochj/Library/Developer/Xcode/DerivedData/ModuleCache.noindex/_Builtin_tgmath-6VNQYPOLT6SUBEM2JAE3YJ4RO.pcm /Users/kochj/Library/Developer/Xcode/DerivedData/ModuleCache.noindex/CoreFoundation-AQ5AVCT3F5AAVP409923O1MP0.pcm /Users/kochj/Library/Developer/Xcode/DerivedData/ModuleCache.noindex/_Builtin_limits-D1X4EQ9P85AVWZCK6DISGPIKU.pcm /Users/kochj/Library/Developer/Xcode/DerivedData/ModuleCache.noindex/os_object-5K6GSW6DV5LA4NVVZJREBZP0S.pcm /Users/kochj/Library/Developer/Xcode/DerivedData/ModuleCache.noindex/_Builtin_float-DM5FK4IR6Z584IO6W3K2WWMH2.pcm /Users/kochj/Library/Developer/Xcode/DerivedData/ModuleCache.noindex/SwiftUICore-9D3TKAN4BRB8275C67S5Q3SA7.pcm /Users/kochj/Library/Developer/Xcode/DerivedData/ModuleCache.noindex/OSLog-C5LSYO3QWE6BDHBWWN0HO7OZG.pcm /Users/kochj/Library/Developer/Xcode/DerivedData/ModuleCache.noindex/Symbols-78D8LL3XOPZNZA4QPZV4GJRRT.pcm /Users/kochj/Library/Developer/Xcode/DerivedData/ModuleCache.noindex/Spatial-DBB3AV4PW7G6V1RQ9QK65QUYI.pcm /Users/kochj/Library/Developer/Xcode/DerivedData/ModuleCache.noindex/Security-7USH3VFR7X0CVH8QGECFOSLTL.pcm /Users/kochj/Library/Developer/Xcode/DerivedData/ModuleCache.noindex/sys_types-2F1N44PW9Z7S15Y6LLJXD0NKD.pcm /Users/kochj/Library/Developer/Xcode/DerivedData/ModuleCache.noindex/QuartzCore-5S9L0YM8RTGIL2JAP2G0ZHMV1.pcm /Users/kochj/Library/Developer/Xcode/DerivedData/ModuleCache.noindex/_Builtin_stdint-77KNOR7CO7LWBT15B6WTLM3NV.pcm /Users/kochj/Library/Developer/Xcode/DerivedData/ModuleCache.noindex/MachO-846QNJ80A750ZZ77Z70MI7YZS.pcm /Users/kochj/Library/Developer/Xcode/DerivedData/ModuleCache.noindex/SwiftShims-77PLAPV9KQ29ZED0OD389URB.pcm /Users/kochj/Library/Developer/Xcode/DerivedData/ModuleCache.noindex/Accessibility-BM5F8BTUL1WNNT02KRNZB73QG.pcm /Users/kochj/Library/Developer/Xcode/DerivedData/ModuleCache.noindex/_Builtin_stdatomic-6A22ZJKIKNCZ1I2KQQGGX07SV.pcm /Users/kochj/Library/Developer/Xcode/DerivedData/ModuleCache.noindex/CFNetwork-DQPDPH8MRG08QPF47TUWXT6D0.pcm /Users/kochj/Library/Developer/Xcode/DerivedData/ModuleCache.noindex/Foundation-4DQ1V1FOW3X167IXJ2AU0NLZ7.pcm /Users/kochj/Library/Developer/Xcode/DerivedData/ModuleCache.noindex/CoreServices-68V78VFX5022EBC1V7VLHNRFM.pcm /Users/kochj/Library/Developer/Xcode/DerivedData/ModuleCache.noindex/_DarwinFoundation1-4CXQDKS11BTFF8T9FHVEQOYOZ.pcm /Users/kochj/Library/Developer/Xcode/DerivedData/GTNW-fnzdpatdnkirwxcegukxsidntqws/Build/Intermediates.noindex/GTNW.build/Release/GTNW_macOS.build/Objects-normal/arm64/GTNW-dependencies-1.json (in target 'GTNW_macOS' from project 'GTNW')
	Building project GTNW with scheme GTNW_macOS and configuration Release
(3 failures)
